Workbook

Sheet Dashboard
A1: FIELD TEAM RISK MATRIX - MONTHLY DASHBOARD | N1: 46113 | O1: 46142
A2: Set date range: N1 = start date, O1 = end date | Update all Data tabs and regenerate Pole Results before presenting to SOMs | Complete by working day 5 each month | N2: Start date | O2: End date
A4: RISK BAND SUMMARY
A5: Active Teams | D5: LOW Risk | H5: MEDIUM Risk | L5: HIGH Risk
A6: =COUNTA('Field Teams'!B5:B204)-COUNTIF('Field Teams'!I5:I204,"Inactive") -> 73 | D6: =COUNTIF('Monthly Matrix'!AA4:AA76,"LOW") -> 0 | H6: =COUNTIF('Monthly Matrix'!AA4:AA76,"MEDIUM") -> 0 | L6: =COUNTIF('Monthly Matrix'!AA4:AA76,"HIGH") -> 73
A7: =IF(COUNTIF('Monthly Matrix'!AA4:AA76,"HIGH")=0,"No HIGH risk teams this month","HIGH risk teams require action - see table below") -> HIGH risk teams require action - see table below
A8: =IF(COUNTIF('Monthly Matrix'!M4:M76,"YES")=0,"No Major impact events this month","MAJOR EVENT recorded - immediate escalation required") -> No Major impact events this month
A9: ="Total operatives in scope: "&SUM('Field Teams'!H5:H77)&" | Amber target this month: "&SUM('Monthly Matrix'!I4:I76)&" events across all teams" -> Total operatives in scope: 337 | Amber target this month: 674 events across all teams
A11: TOP 10 HIGHEST RISK TEAMS
A12: Rank | B12: Team | C12: Contract | D12: SOM | E12: Score | F12: RAG | G12: Amber Count | H12: Amber Target | I12: Skillko % | J12: Quality Fails | K12: Checks Assessed | L12: Compliant Checks | M12: Plan?
A13: 1 | B13: =IFERROR(INDEX('Monthly Matrix'!$B$4:$B$76,MATCH(LARGE('Monthly Matrix'!$AB$4:$AB$76,1),'Monthly Matrix'!$AB$4:$AB$76,0)),"") -> MJP Tree Services Ltd | C13: =IFERROR(INDEX('Monthly Matrix'!$C$4:$C$76,MATCH(LARGE('Monthly Matrix'!$AB$4:$AB$76,1),'Monthly Matrix'!$AB$4:$AB$76,0)),"") -> Utility Arboriculture | D13: =IFERROR(INDEX('Monthly Matrix'!$E$4:$E$76,MATCH(LARGE('Monthly Matrix'!$AB$4:$AB$76,1),'Monthly Matrix'!$AB$4:$AB$76,0)),"") -> David Damm | E13: =IFERROR(INDEX('Monthly Matrix'!$T$4:$T$76,MATCH(LARGE('Monthly Matrix'!$AB$4:$AB$76,1),'Monthly Matrix'!$AB$4:$AB$76,0)),"") -> 2.5 | F13: =IFERROR(INDEX('Monthly Matrix'!$V$4:$AA$76,MATCH(LARGE('Monthly Matrix'!$AB$4:$AB$76,1),'Monthly Matrix'!$AB$4:$AB$76,0)),"") | G13: =IFERROR(INDEX('Monthly Matrix'!$J$4:$J$76,MATCH(LARGE('Monthly Matrix'!$AB$4:$AB$76,1),'Monthly Matrix'!$AB$4:$AB$76,0)),"") -> 0 | H13: =IFERROR(INDEX('Monthly Matrix'!$I$4:$I$76,MATCH(LARGE('Monthly Matrix'!$AB$4:$AB$76,1),'Monthly Matrix'!$AB$4:$AB$76,0)),"") -> 6 | I13: =IFERROR(INDEX('Monthly Matrix'!$N$4:$N$76,MATCH(LARGE('Monthly Matrix'!$AB$4:$AB$76,1),'Monthly Matrix'!$AB$4:$AB$76,0)),"") -> 4 | J13: =IFERROR(INDEX('Monthly Matrix'!$P$4:$P$76,MATCH(LARGE('Monthly Matrix'!$AB$4:$AB$76,1),'Monthly Matrix'!$AB$4:$AB$76,0)),"") -> 0 | K13: =IFERROR(INDEX('Monthly Matrix'!$AH$4:$AH$76,MATCH(LARGE('Monthly Matrix'!$AB$4:$AB$76,1),'Monthly Matrix'!$AB$4:$AB$76,0)),"") -> 0 | L13: =IFERROR(INDEX('Monthly Matrix'!$AI$4:$AI$76,MATCH(LARGE('Monthly Matrix'!$AB$4:$AB$76,1),'Monthly Matrix'!$AB$4:$AB$76,0))/K13,"") | M13: =IFERROR(INDEX('Monthly Matrix'!$AF$4:$AF$76,MATCH(LARGE('Monthly Matrix'!$AB$4:$AB$76,1),'Monthly Matrix'!$AB$4:$AB$76,0)),"") -> YES - within 5 working days
A14: 2 | B14: =IFERROR(INDEX('Monthly Matrix'!$B$4:$B$76,MATCH(LARGE('Monthly Matrix'!$AB$4:$AB$76,2),'Monthly Matrix'!$AB$4:$AB$76,0)),"") -> George Harris Tree Services | C14: =IFERROR(INDEX('Monthly Matrix'!$C$4:$C$76,MATCH(LARGE('Monthly Matrix'!$AB$4:$AB$76,2),'Monthly Matrix'!$AB$4:$AB$76,0)),"") -> Utility Arboriculture | D14: =IFERROR(INDEX('Monthly Matrix'!$E$4:$E$76,MATCH(LARGE('Monthly Matrix'!$AB$4:$AB$76,2),'Monthly Matrix'!$AB$4:$AB$76,0)),"") -> Jake Bolwell | E14: =IFERROR(INDEX('Monthly Matrix'!$T$4:$T$76,MATCH(LARGE('Monthly Matrix'!$AB$4:$AB$76,2),'Monthly Matrix'!$AB$4:$AB$76,0)),"") -> 2.7 | F14: =IFERROR(INDEX('Monthly Matrix'!$V$4:$AA$76,MATCH(LARGE('Monthly Matrix'!$AB$4:$AB$76,2),'Monthly Matrix'!$AB$4:$AB$76,0)),"") | G14: =IFERROR(INDEX('Monthly Matrix'!$J$4:$J$76,MATCH(LARGE('Monthly Matrix'!$AB$4:$AB$76,2),'Monthly Matrix'!$AB$4:$AB$76,0)),"") -> 0 | H14: =IFERROR(INDEX('Monthly Matrix'!$I$4:$I$76,MATCH(LARGE('Monthly Matrix'!$AB$4:$AB$76,2),'Monthly Matrix'!$AB$4:$AB$76,0)),"") -> 10 | I14: =IFERROR(INDEX('Monthly Matrix'!$N$4:$N$76,MATCH(LARGE('Monthly Matrix'!$AB$4:$AB$76,2),'Monthly Matrix'!$AB$4:$AB$76,0)),"") -> 36 | J14: =IFERROR(INDEX('Monthly Matrix'!$P$4:$P$76,MATCH(LARGE('Monthly Matrix'!$AB$4:$AB$76,2),'Monthly Matrix'!$AB$4:$AB$76,0)),"") -> 0 | K14: =IFERROR(INDEX('Monthly Matrix'!$AH$4:$AH$76,MATCH(LARGE('Monthly Matrix'!$AB$4:$AB$76,2),'Monthly Matrix'!$AB$4:$AB$76,0)),"") -> 0 | L14: =IFERROR(INDEX('Monthly Matrix'!$AI$4:$AI$76,MATCH(LARGE('Monthly Matrix'!$AB$4:$AB$76,2),'Monthly Matrix'!$AB$4:$AB$76,0))/K14,"") | M14: =IFERROR(INDEX('Monthly Matrix'!$AF$4:$AF$76,MATCH(LARGE('Monthly Matrix'!$AB$4:$AB$76,2),'Monthly Matrix'!$AB$4:$AB$76,0)),"") -> YES - within 5 working days
A15: 3 | B15: =IFERROR(INDEX('Monthly Matrix'!$B$4:$B$76,MATCH(LARGE('Monthly Matrix'!$AB$4:$AB$76,3),'Monthly Matrix'!$AB$4:$AB$76,0)),"") -> Mon & Brec Tree Services Ltd | C15: =IFERROR(INDEX('Monthly Matrix'!$C$4:$C$76,MATCH(LARGE('Monthly Matrix'!$AB$4:$AB$76,3),'Monthly Matrix'!$AB$4:$AB$76,0)),"") -> Utility Arboriculture | D15: =IFERROR(INDEX('Monthly Matrix'!$E$4:$E$76,MATCH(LARGE('Monthly Matrix'!$AB$4:$AB$76,3),'Monthly Matrix'!$AB$4:$AB$76,0)),"") -> Jake Bolwell | E15: =IFERROR(INDEX('Monthly Matrix'!$T$4:$T$76,MATCH(LARGE('Monthly Matrix'!$AB$4:$AB$76,3),'Monthly Matrix'!$AB$4:$AB$76,0)),"") -> 2.7 | F15: =IFERROR(INDEX('Monthly Matrix'!$V$4:$AA$76,MATCH(LARGE('Monthly Matrix'!$AB$4:$AB$76,3),'Monthly Matrix'!$AB$4:$AB$76,0)),"") | G15: =IFERROR(INDEX('Monthly Matrix'!$J$4:$J$76,MATCH(LARGE('Monthly Matrix'!$AB$4:$AB$76,3),'Monthly Matrix'!$AB$4:$AB$76,0)),"") -> 0 | H15: =IFERROR(INDEX('Monthly Matrix'!$I$4:$I$76,MATCH(LARGE('Monthly Matrix'!$AB$4:$AB$76,3),'Monthly Matrix'!$AB$4:$AB$76,0)),"") -> 10 | I15: =IFERROR(INDEX('Monthly Matrix'!$N$4:$N$76,MATCH(LARGE('Monthly Matrix'!$AB$4:$AB$76,3),'Monthly Matrix'!$AB$4:$AB$76,0)),"") -> 38 | J15: =IFERROR(INDEX('Monthly Matrix'!$P$4:$P$76,MATCH(LARGE('Monthly Matrix'!$AB$4:$AB$76,3),'Monthly Matrix'!$AB$4:$AB$76,0)),"") -> 0 | K15: =IFERROR(INDEX('Monthly Matrix'!$AH$4:$AH$76,MATCH(LARGE('Monthly Matrix'!$AB$4:$AB$76,3),'Monthly Matrix'!$AB$4:$AB$76,0)),"") -> 0 | L15: =IFERROR(INDEX('Monthly Matrix'!$AI$4:$AI$76,MATCH(LARGE('Monthly Matrix'!$AB$4:$AB$76,3),'Monthly Matrix'!$AB$4:$AB$76,0))/K15,"") | M15: =IFERROR(INDEX('Monthly Matrix'!$AF$4:$AF$76,MATCH(LARGE('Monthly Matrix'!$AB$4:$AB$76,3),'Monthly Matrix'!$AB$4:$AB$76,0)),"") -> YES - within 5 working days
A16: 4 | B16: =IFERROR(INDEX('Monthly Matrix'!$B$4:$B$76,MATCH(LARGE('Monthly Matrix'!$AB$4:$AB$76,4),'Monthly Matrix'!$AB$4:$AB$76,0)),"") -> TRACCS South West LTD | C16: =IFERROR(INDEX('Monthly Matrix'!$C$4:$C$76,MATCH(LARGE('Monthly Matrix'!$AB$4:$AB$76,4),'Monthly Matrix'!$AB$4:$AB$76,0)),"") -> Utility Arboriculture | D16: =IFERROR(INDEX('Monthly Matrix'!$E$4:$E$76,MATCH(LARGE('Monthly Matrix'!$AB$4:$AB$76,4),'Monthly Matrix'!$AB$4:$AB$76,0)),"") -> Jake Bolwell | E16: =IFERROR(INDEX('Monthly Matrix'!$T$4:$T$76,MATCH(LARGE('Monthly Matrix'!$AB$4:$AB$76,4),'Monthly Matrix'!$AB$4:$AB$76,0)),"") -> 2.7 | F16: =IFERROR(INDEX('Monthly Matrix'!$V$4:$AA$76,MATCH(LARGE('Monthly Matrix'!$AB$4:$AB$76,4),'Monthly Matrix'!$AB$4:$AB$76,0)),"") | G16: =IFERROR(INDEX('Monthly Matrix'!$J$4:$J$76,MATCH(LARGE('Monthly Matrix'!$AB$4:$AB$76,4),'Monthly Matrix'!$AB$4:$AB$76,0)),"") -> 0 | H16: =IFERROR(INDEX('Monthly Matrix'!$I$4:$I$76,MATCH(LARGE('Monthly Matrix'!$AB$4:$AB$76,4),'Monthly Matrix'!$AB$4:$AB$76,0)),"") -> 12 | I16: =IFERROR(INDEX('Monthly Matrix'!$N$4:$N$76,MATCH(LARGE('Monthly Matrix'!$AB$4:$AB$76,4),'Monthly Matrix'!$AB$4:$AB$76,0)),"") -> 35 | J16: =IFERROR(INDEX('Monthly Matrix'!$P$4:$P$76,MATCH(LARGE('Monthly Matrix'!$AB$4:$AB$76,4),'Monthly Matrix'!$AB$4:$AB$76,0)),"") -> 0 | K16: =IFERROR(INDEX('Monthly Matrix'!$AH$4:$AH$76,MATCH(LARGE('Monthly Matrix'!$AB$4:$AB$76,4),'Monthly Matrix'!$AB$4:$AB$76,0)),"") -> 0 | L16: =IFERROR(INDEX('Monthly Matrix'!$AI$4:$AI$76,MATCH(LARGE('Monthly Matrix'!$AB$4:$AB$76,4),'Monthly Matrix'!$AB$4:$AB$76,0))/K16,"") | M16: =IFERROR(INDEX('Monthly Matrix'!$AF$4:$AF$76,MATCH(LARGE('Monthly Matrix'!$AB$4:$AB$76,4),'Monthly Matrix'!$AB$4:$AB$76,0)),"") -> YES - within 5 working days
A17: 5 | B17: =IFERROR(INDEX('Monthly Matrix'!$B$4:$B$76,MATCH(LARGE('Monthly Matrix'!$AB$4:$AB$76,5),'Monthly Matrix'!$AB$4:$AB$76,0)),"") -> GB Construction (Herts) Ltd | C17: =IFERROR(INDEX('Monthly Matrix'!$C$4:$C$76,MATCH(LARGE('Monthly Matrix'!$AB$4:$AB$76,5),'Monthly Matrix'!$AB$4:$AB$76,0)),"") -> Utility Arboriculture | D17: =IFERROR(INDEX('Monthly Matrix'!$E$4:$E$76,MATCH(LARGE('Monthly Matrix'!$AB$4:$AB$76,5),'Monthly Matrix'!$AB$4:$AB$76,0)),"") -> Paul Shaw | E17: =IFERROR(INDEX('Monthly Matrix'!$T$4:$T$76,MATCH(LARGE('Monthly Matrix'!$AB$4:$AB$76,5),'Monthly Matrix'!$AB$4:$AB$76,0)),"") -> 2.7 | F17: =IFERROR(INDEX('Monthly Matrix'!$V$4:$AA$76,MATCH(LARGE('Monthly Matrix'!$AB$4:$AB$76,5),'Monthly Matrix'!$AB$4:$AB$76,0)),"") | G17: =IFERROR(INDEX('Monthly Matrix'!$J$4:$J$76,MATCH(LARGE('Monthly Matrix'!$AB$4:$AB$76,5),'Monthly Matrix'!$AB$4:$AB$76,0)),"") -> 0 | H17: =IFERROR(INDEX('Monthly Matrix'!$I$4:$I$76,MATCH(LARGE('Monthly Matrix'!$AB$4:$AB$76,5),'Monthly Matrix'!$AB$4:$AB$76,0)),"") -> 8 | I17: =IFERROR(INDEX('Monthly Matrix'!$N$4:$N$76,MATCH(LARGE('Monthly Matrix'!$AB$4:$AB$76,5),'Monthly Matrix'!$AB$4:$AB$76,0)),"") -> 42 | J17: =IFERROR(INDEX('Monthly Matrix'!$P$4:$P$76,MATCH(LARGE('Monthly Matrix'!$AB$4:$AB$76,5),'Monthly Matrix'!$AB$4:$AB$76,0)),"") -> 0 | K17: =IFERROR(INDEX('Monthly Matrix'!$AH$4:$AH$76,MATCH(LARGE('Monthly Matrix'!$AB$4:$AB$76,5),'Monthly Matrix'!$AB$4:$AB$76,0)),"") -> 0 | L17: =IFERROR(INDEX('Monthly Matrix'!$AI$4:$AI$76,MATCH(LARGE('Monthly Matrix'!$AB$4:$AB$76,5),'Monthly Matrix'!$AB$4:$AB$76,0))/K17,"") | M17: =IFERROR(INDEX('Monthly Matrix'!$AF$4:$AF$76,MATCH(LARGE('Monthly Matrix'!$AB$4:$AB$76,5),'Monthly Matrix'!$AB$4:$AB$76,0)),"") -> YES - within 5 working days
A18: 6 | B18: =IFERROR(INDEX('Monthly Matrix'!$B$4:$B$76,MATCH(LARGE('Monthly Matrix'!$AB$4:$AB$76,6),'Monthly Matrix'!$AB$4:$AB$76,0)),"") -> Integrated Arb Solutions | C18: =IFERROR(INDEX('Monthly Matrix'!$C$4:$C$76,MATCH(LARGE('Monthly Matrix'!$AB$4:$AB$76,6),'Monthly Matrix'!$AB$4:$AB$76,0)),"") -> Utility Arboriculture | D18: =IFERROR(INDEX('Monthly Matrix'!$E$4:$E$76,MATCH(LARGE('Monthly Matrix'!$AB$4:$AB$76,6),'Monthly Matrix'!$AB$4:$AB$76,0)),"") -> Jon Addis | E18: =IFERROR(INDEX('Monthly Matrix'!$T$4:$T$76,MATCH(LARGE('Monthly Matrix'!$AB$4:$AB$76,6),'Monthly Matrix'!$AB$4:$AB$76,0)),"") -> 2.7 | F18: =IFERROR(INDEX('Monthly Matrix'!$V$4:$AA$76,MATCH(LARGE('Monthly Matrix'!$AB$4:$AB$76,6),'Monthly Matrix'!$AB$4:$AB$76,0)),"") | G18: =IFERROR(INDEX('Monthly Matrix'!$J$4:$J$76,MATCH(LARGE('Monthly Matrix'!$AB$4:$AB$76,6),'Monthly Matrix'!$AB$4:$AB$76,0)),"") -> 0 | H18: =IFERROR(INDEX('Monthly Matrix'!$I$4:$I$76,MATCH(LARGE('Monthly Matrix'!$AB$4:$AB$76,6),'Monthly Matrix'!$AB$4:$AB$76,0)),"") -> 8 | I18: =IFERROR(INDEX('Monthly Matrix'!$N$4:$N$76,MATCH(LARGE('Monthly Matrix'!$AB$4:$AB$76,6),'Monthly Matrix'!$AB$4:$AB$76,0)),"") -> 32 | J18: =IFERROR(INDEX('Monthly Matrix'!$P$4:$P$76,MATCH(LARGE('Monthly Matrix'!$AB$4:$AB$76,6),'Monthly Matrix'!$AB$4:$AB$76,0)),"") -> 0 | K18: =IFERROR(INDEX('Monthly Matrix'!$AH$4:$AH$76,MATCH(LARGE('Monthly Matrix'!$AB$4:$AB$76,6),'Monthly Matrix'!$AB$4:$AB$76,0)),"") -> 0 | L18: =IFERROR(INDEX('Monthly Matrix'!$AI$4:$AI$76,MATCH(LARGE('Monthly Matrix'!$AB$4:$AB$76,6),'Monthly Matrix'!$AB$4:$AB$76,0))/K18,"") | M18: =IFERROR(INDEX('Monthly Matrix'!$AF$4:$AF$76,MATCH(LARGE('Monthly Matrix'!$AB$4:$AB$76,6),'Monthly Matrix'!$AB$4:$AB$76,0)),"") -> YES - within 5 working days
A19: 7 | B19: =IFERROR(INDEX('Monthly Matrix'!$B$4:$B$76,MATCH(LARGE('Monthly Matrix'!$AB$4:$AB$76,7),'Monthly Matrix'!$AB$4:$AB$76,0)),"") -> Rother Valley Tree Services Ltd | C19: =IFERROR(INDEX('Monthly Matrix'!$C$4:$C$76,MATCH(LARGE('Monthly Matrix'!$AB$4:$AB$76,7),'Monthly Matrix'!$AB$4:$AB$76,0)),"") -> Utility Arboriculture | D19: =IFERROR(INDEX('Monthly Matrix'!$E$4:$E$76,MATCH(LARGE('Monthly Matrix'!$AB$4:$AB$76,7),'Monthly Matrix'!$AB$4:$AB$76,0)),"") -> James Jennings | E19: =IFERROR(INDEX('Monthly Matrix'!$T$4:$T$76,MATCH(LARGE('Monthly Matrix'!$AB$4:$AB$76,7),'Monthly Matrix'!$AB$4:$AB$76,0)),"") -> 2.7 | F19: =IFERROR(INDEX('Monthly Matrix'!$V$4:$AA$76,MATCH(LARGE('Monthly Matrix'!$AB$4:$AB$76,7),'Monthly Matrix'!$AB$4:$AB$76,0)),"") | G19: =IFERROR(INDEX('Monthly Matrix'!$J$4:$J$76,MATCH(LARGE('Monthly Matrix'!$AB$4:$AB$76,7),'Monthly Matrix'!$AB$4:$AB$76,0)),"") -> 0 | H19: =IFERROR(INDEX('Monthly Matrix'!$I$4:$I$76,MATCH(LARGE('Monthly Matrix'!$AB$4:$AB$76,7),'Monthly Matrix'!$AB$4:$AB$76,0)),"") -> 38 | I19: =IFERROR(INDEX('Monthly Matrix'!$N$4:$N$76,MATCH(LARGE('Monthly Matrix'!$AB$4:$AB$76,7),'Monthly Matrix'!$AB$4:$AB$76,0)),"") -> 37 | J19: =IFERROR(INDEX('Monthly Matrix'!$P$4:$P$76,MATCH(LARGE('Monthly Matrix'!$AB$4:$AB$76,7),'Monthly Matrix'!$AB$4:$AB$76,0)),"") -> 0 | K19: =IFERROR(INDEX('Monthly Matrix'!$AH$4:$AH$76,MATCH(LARGE('Monthly Matrix'!$AB$4:$AB$76,7),'Monthly Matrix'!$AB$4:$AB$76,0)),"") -> 0 | L19: =IFERROR(INDEX('Monthly Matrix'!$AI$4:$AI$76,MATCH(LARGE('Monthly Matrix'!$AB$4:$AB$76,7),'Monthly Matrix'!$AB$4:$AB$76,0))/K19,"") | M19: =IFERROR(INDEX('Monthly Matrix'!$AF$4:$AF$76,MATCH(LARGE('Monthly Matrix'!$AB$4:$AB$76,7),'Monthly Matrix'!$AB$4:$AB$76,0)),"") -> YES - within 5 working days
A20: 8 | B20: =IFERROR(INDEX('Monthly Matrix'!$B$4:$B$76,MATCH(LARGE('Monthly Matrix'!$AB$4:$AB$76,8),'Monthly Matrix'!$AB$4:$AB$76,0)),"") -> Keighley Tree Services | C20: =IFERROR(INDEX('Monthly Matrix'!$C$4:$C$76,MATCH(LARGE('Monthly Matrix'!$AB$4:$AB$76,8),'Monthly Matrix'!$AB$4:$AB$76,0)),"") -> Utility Arboriculture | D20: =IFERROR(INDEX('Monthly Matrix'!$E$4:$E$76,MATCH(LARGE('Monthly Matrix'!$AB$4:$AB$76,8),'Monthly Matrix'!$AB$4:$AB$76,0)),"") -> David Damm | E20: =IFERROR(INDEX('Monthly Matrix'!$T$4:$T$76,MATCH(LARGE('Monthly Matrix'!$AB$4:$AB$76,8),'Monthly Matrix'!$AB$4:$AB$76,0)),"") -> 2.7 | F20: =IFERROR(INDEX('Monthly Matrix'!$V$4:$AA$76,MATCH(LARGE('Monthly Matrix'!$AB$4:$AB$76,8),'Monthly Matrix'!$AB$4:$AB$76,0)),"") | G20: =IFERROR(INDEX('Monthly Matrix'!$J$4:$J$76,MATCH(LARGE('Monthly Matrix'!$AB$4:$AB$76,8),'Monthly Matrix'!$AB$4:$AB$76,0)),"") -> 0 | H20: =IFERROR(INDEX('Monthly Matrix'!$I$4:$I$76,MATCH(LARGE('Monthly Matrix'!$AB$4:$AB$76,8),'Monthly Matrix'!$AB$4:$AB$76,0)),"") -> 8 | I20: =IFERROR(INDEX('Monthly Matrix'!$N$4:$N$76,MATCH(LARGE('Monthly Matrix'!$AB$4:$AB$76,8),'Monthly Matrix'!$AB$4:$AB$76,0)),"") -> 32 | J20: =IFERROR(INDEX('Monthly Matrix'!$P$4:$P$76,MATCH(LARGE('Monthly Matrix'!$AB$4:$AB$76,8),'Monthly Matrix'!$AB$4:$AB$76,0)),"") -> 0 | K20: =IFERROR(INDEX('Monthly Matrix'!$AH$4:$AH$76,MATCH(LARGE('Monthly Matrix'!$AB$4:$AB$76,8),'Monthly Matrix'!$AB$4:$AB$76,0)),"") -> 0 | L20: =IFERROR(INDEX('Monthly Matrix'!$AI$4:$AI$76,MATCH(LARGE('Monthly Matrix'!$AB$4:$AB$76,8),'Monthly Matrix'!$AB$4:$AB$76,0))/K20,"") | M20: =IFERROR(INDEX('Monthly Matrix'!$AF$4:$AF$76,MATCH(LARGE('Monthly Matrix'!$AB$4:$AB$76,8),'Monthly Matrix'!$AB$4:$AB$76,0)),"") -> YES - within 5 working days
A21: 9 | B21: =IFERROR(INDEX('Monthly Matrix'!$B$4:$B$76,MATCH(LARGE('Monthly Matrix'!$AB$4:$AB$76,9),'Monthly Matrix'!$AB$4:$AB$76,0)),"") -> Valiant Arborist Ltd | C21: =IFERROR(INDEX('Monthly Matrix'!$C$4:$C$76,MATCH(LARGE('Monthly Matrix'!$AB$4:$AB$76,9),'Monthly Matrix'!$AB$4:$AB$76,0)),"") -> Utility Arboriculture | D21: =IFERROR(INDEX('Monthly Matrix'!$E$4:$E$76,MATCH(LARGE('Monthly Matrix'!$AB$4:$AB$76,9),'Monthly Matrix'!$AB$4:$AB$76,0)),"") -> Barry Bright | E21: =IFERROR(INDEX('Monthly Matrix'!$T$4:$T$76,MATCH(LARGE('Monthly Matrix'!$AB$4:$AB$76,9),'Monthly Matrix'!$AB$4:$AB$76,0)),"") -> 2.8 | F21: =IFERROR(INDEX('Monthly Matrix'!$V$4:$AA$76,MATCH(LARGE('Monthly Matrix'!$AB$4:$AB$76,9),'Monthly Matrix'!$AB$4:$AB$76,0)),"") | G21: =IFERROR(INDEX('Monthly Matrix'!$J$4:$J$76,MATCH(LARGE('Monthly Matrix'!$AB$4:$AB$76,9),'Monthly Matrix'!$AB$4:$AB$76,0)),"") -> 0 | H21: =IFERROR(INDEX('Monthly Matrix'!$I$4:$I$76,MATCH(LARGE('Monthly Matrix'!$AB$4:$AB$76,9),'Monthly Matrix'!$AB$4:$AB$76,0)),"") -> 10 | I21: =IFERROR(INDEX('Monthly Matrix'!$N$4:$N$76,MATCH(LARGE('Monthly Matrix'!$AB$4:$AB$76,9),'Monthly Matrix'!$AB$4:$AB$76,0)),"") -> 58 | J21: =IFERROR(INDEX('Monthly Matrix'!$P$4:$P$76,MATCH(LARGE('Monthly Matrix'!$AB$4:$AB$76,9),'Monthly Matrix'!$AB$4:$AB$76,0)),"") -> 0 | K21: =IFERROR(INDEX('Monthly Matrix'!$AH$4:$AH$76,MATCH(LARGE('Monthly Matrix'!$AB$4:$AB$76,9),'Monthly Matrix'!$AB$4:$AB$76,0)),"") -> 0 | L21: =IFERROR(INDEX('Monthly Matrix'!$AI$4:$AI$76,MATCH(LARGE('Monthly Matrix'!$AB$4:$AB$76,9),'Monthly Matrix'!$AB$4:$AB$76,0))/K21,"") | M21: =IFERROR(INDEX('Monthly Matrix'!$AF$4:$AF$76,MATCH(LARGE('Monthly Matrix'!$AB$4:$AB$76,9),'Monthly Matrix'!$AB$4:$AB$76,0)),"") -> YES - within 5 working days
A22: 10 | B22: =IFERROR(INDEX('Monthly Matrix'!$B$4:$B$76,MATCH(LARGE('Monthly Matrix'!$AB$4:$AB$76,10),'Monthly Matrix'!$AB$4:$AB$76,0)),"") -> C G Tree Cutting Services | C22: =IFERROR(INDEX('Monthly Matrix'!$C$4:$C$76,MATCH(LARGE('Monthly Matrix'!$AB$4:$AB$76,10),'Monthly Matrix'!$AB$4:$AB$76,0)),"") -> Utility Arboriculture | D22: =IFERROR(INDEX('Monthly Matrix'!$E$4:$E$76,MATCH(LARGE('Monthly Matrix'!$AB$4:$AB$76,10),'Monthly Matrix'!$AB$4:$AB$76,0)),"") -> Jake Bolwell | E22: =IFERROR(INDEX('Monthly Matrix'!$T$4:$T$76,MATCH(LARGE('Monthly Matrix'!$AB$4:$AB$76,10),'Monthly Matrix'!$AB$4:$AB$76,0)),"") -> 2.8 | F22: =IFERROR(INDEX('Monthly Matrix'!$V$4:$AA$76,MATCH(LARGE('Monthly Matrix'!$AB$4:$AB$76,10),'Monthly Matrix'!$AB$4:$AB$76,0)),"") | G22: =IFERROR(INDEX('Monthly Matrix'!$J$4:$J$76,MATCH(LARGE('Monthly Matrix'!$AB$4:$AB$76,10),'Monthly Matrix'!$AB$4:$AB$76,0)),"") -> 0 | H22: =IFERROR(INDEX('Monthly Matrix'!$I$4:$I$76,MATCH(LARGE('Monthly Matrix'!$AB$4:$AB$76,10),'Monthly Matrix'!$AB$4:$AB$76,0)),"") -> 4 | I22: =IFERROR(INDEX('Monthly Matrix'!$N$4:$N$76,MATCH(LARGE('Monthly Matrix'!$AB$4:$AB$76,10),'Monthly Matrix'!$AB$4:$AB$76,0)),"") -> 45 | J22: =IFERROR(INDEX('Monthly Matrix'!$P$4:$P$76,MATCH(LARGE('Monthly Matrix'!$AB$4:$AB$76,10),'Monthly Matrix'!$AB$4:$AB$76,0)),"") -> 0 | K22: =IFERROR(INDEX('Monthly Matrix'!$AH$4:$AH$76,MATCH(LARGE('Monthly Matrix'!$AB$4:$AB$76,10),'Monthly Matrix'!$AB$4:$AB$76,0)),"") -> 0 | L22: =IFERROR(INDEX('Monthly Matrix'!$AI$4:$AI$76,MATCH(LARGE('Monthly Matrix'!$AB$4:$AB$76,10),'Monthly Matrix'!$AB$4:$AB$76,0))/K22,"") | M22: =IFERROR(INDEX('Monthly Matrix'!$AF$4:$AF$76,MATCH(LARGE('Monthly Matrix'!$AB$4:$AB$76,10),'Monthly Matrix'!$AB$4:$AB$76,0)),"") -> YES - within 5 working days
A24: PORTFOLIO AVERAGES - KEY METRICS
A25: Metric | B25: This Month | C25: Target | D25: Status
A26: Amber alerts - total vs target | B26: =SUM('Monthly Matrix'!J4:J76) -> 0 | C26: =SUM('Monthly Matrix'!I4:I76) -> 674 | D26: =IF(B26>=C26,"ON TARGET","BELOW TARGET") -> BELOW TARGET
A27: Skillko Compliance - portfolio avg % | B27: =IFERROR(ROUND(AVERAGEIF('Monthly Matrix'!N4:N76,">0"),1),0) -> 71.6 | C27: 95 | D27: =IF(B27>=C27,"ON TARGET","BELOW TARGET") -> BELOW TARGET
A28: Post-Cut Quality - compliant pole rate % | B28: =IFERROR(ROUND(SUM('Monthly Matrix'!AD4:AD76)/SUM('Monthly Matrix'!AC4:AC76)*100,1),"-") -> 100.1 | C28: 95 | D28: =IF(ISNUMBER(B28),IF(B28>=C28,"ON TARGET","BELOW TARGET"),"-") -> ON TARGET
A29: Post-Cut Quality - non-compliant poles total | B29: =SUM('Monthly Matrix'!P4:P76) -> 0 | C29: 0 | D29: =IF(B29=0,"ON TARGET","BELOW TARGET") -> ON TARGET
A30: HIGH risk teams | B30: =COUNTIF('Monthly Matrix'!AA4:AA76,"HIGH") -> 73 | C30: 0 | D30: =IF(B30=0,"ON TARGET","ACTION REQUIRED") -> ACTION REQUIRED
A31: Audit completion rate % | B31: =IFERROR(ROUND(COUNTIF('Audit Schedule'!J4:J76,"Completed")/MAX(1,COUNTA('Audit Schedule'!A4:A76))*100,1),"-") -> 0 | C31: 100 | D31: =IF(ISNUMBER(B31),IF(B31>=80,"ON TARGET","BELOW TARGET"),"-") -> BELOW TARGET
A32: Portfolio avg composite score - this month | B32: =IFERROR(ROUND(SUMPRODUCT(('Monthly Matrix'!AA4:AA76<>"")*'Monthly Matrix'!T4:T76)/MAX(1,COUNTIF('Monthly Matrix'!AA4:AA76,"<>")),1),"-") -> 2.9 | C32: > 3.25 (portfolio LOW risk) | D32: =IF(ISNUMBER(B32),IF(B32>3.25,"ON TARGET","BELOW TARGET"),"-") -> BELOW TARGET
A33: GOVERNANCE • HIGH risk: PM 3x site visits per week until LOW for 4 consecutive weeks • Improvement plans due within 5 working days of month-end score • Major events: immediate escalation - do not wait for month-end review
A37: TOP 10 LOWEST RISK TEAMS
A38: Rank | B38: Team | C38: Contract | D38: SOM | E38: Score | F38: RAG | G38: Amber Count | H38: Amber Target | I38: Skillko % | J38: Quality Fails | K38: Checks Assessed | L38: Compliant Checks | M38: Plan?
A39: 1 | B39: =IFERROR(INDEX('Monthly Matrix'!$B$4:$B$76,MATCH(SMALL('Monthly Matrix'!$AH$4:$AH$76,1),'Monthly Matrix'!$AH$4:$AH$76,0)),"") -> Kingfisher Tree Services Ltd | C39: =IFERROR(INDEX('Monthly Matrix'!$C$4:$C$76,MATCH(SMALL('Monthly Matrix'!$AH$4:$AH$76,1),'Monthly Matrix'!$AH$4:$AH$76,0)),"") -> ESB - Utility Arboriculture | D39: =IFERROR(INDEX('Monthly Matrix'!$E$4:$E$76,MATCH(SMALL('Monthly Matrix'!$AH$4:$AH$76,1),'Monthly Matrix'!$AH$4:$AH$76,0)),"") -> Jake Bolwell | E39: =IFERROR(INDEX('Monthly Matrix'!$T$4:$T$76,MATCH(SMALL('Monthly Matrix'!$AH$4:$AH$76,1),'Monthly Matrix'!$AH$4:$AH$76,0)),"") -> 3 | F39: =IFERROR(INDEX('Monthly Matrix'!$V$4:$AA$76,MATCH(SMALL('Monthly Matrix'!$AH$4:$AH$76,1),'Monthly Matrix'!$AH$4:$AH$76,0)),"") | G39: =IFERROR(INDEX('Monthly Matrix'!$J$4:$J$76,MATCH(SMALL('Monthly Matrix'!$AH$4:$AH$76,1),'Monthly Matrix'!$AH$4:$AH$76,0)),"") -> 0 | H39: =IFERROR(INDEX('Monthly Matrix'!$I$4:$I$76,MATCH(SMALL('Monthly Matrix'!$AH$4:$AH$76,1),'Monthly Matrix'!$AH$4:$AH$76,0)),"") -> 14 | I39: =IFERROR(INDEX('Monthly Matrix'!$N$4:$N$76,MATCH(SMALL('Monthly Matrix'!$AH$4:$AH$76,1),'Monthly Matrix'!$AH$4:$AH$76,0)),"") -> 80 | J39: =IFERROR(INDEX('Monthly Matrix'!$P$4:$P$76,MATCH(SMALL('Monthly Matrix'!$AH$4:$AH$76,1),'Monthly Matrix'!$AH$4:$AH$76,0)),"") -> 0 | K39: =IFERROR(INDEX('Monthly Matrix'!$AH$4:$AH$76,MATCH(SMALL('Monthly Matrix'!$AH$4:$AH$76,1),'Monthly Matrix'!$AH$4:$AH$76,0)),"") -> 0 | L39: =IFERROR(INDEX('Monthly Matrix'!$AI$4:$AI$76,MATCH(SMALL('Monthly Matrix'!$AH$4:$AH$76,1),'Monthly Matrix'!$AH$4:$AH$76,0))/K39,"") | M39: =IFERROR(INDEX('Monthly Matrix'!$AF$4:$AF$76,MATCH(SMALL('Monthly Matrix'!$AH$4:$AH$76,1),'Monthly Matrix'!$AH$4:$AH$76,0)),"") -> YES - within 5 working days
A40: 2 | B40: =IFERROR(INDEX('Monthly Matrix'!$B$4:$B$76,MATCH(SMALL('Monthly Matrix'!$AH$4:$AH$76,2),'Monthly Matrix'!$AH$4:$AH$76,0)),"") -> Kingfisher Tree Services Ltd | C40: =IFERROR(INDEX('Monthly Matrix'!$C$4:$C$76,MATCH(SMALL('Monthly Matrix'!$AH$4:$AH$76,2),'Monthly Matrix'!$AH$4:$AH$76,0)),"") -> ESB - Utility Arboriculture | D40: =IFERROR(INDEX('Monthly Matrix'!$E$4:$E$76,MATCH(SMALL('Monthly Matrix'!$AH$4:$AH$76,2),'Monthly Matrix'!$AH$4:$AH$76,0)),"") -> Jake Bolwell | E40: =IFERROR(INDEX('Monthly Matrix'!$T$4:$T$76,MATCH(SMALL('Monthly Matrix'!$AH$4:$AH$76,2),'Monthly Matrix'!$AH$4:$AH$76,0)),"") -> 3 | F40: =IFERROR(INDEX('Monthly Matrix'!$V$4:$AA$76,MATCH(SMALL('Monthly Matrix'!$AH$4:$AH$76,2),'Monthly Matrix'!$AH$4:$AH$76,0)),"") | G40: =IFERROR(INDEX('Monthly Matrix'!$J$4:$J$76,MATCH(SMALL('Monthly Matrix'!$AH$4:$AH$76,2),'Monthly Matrix'!$AH$4:$AH$76,0)),"") -> 0 | H40: =IFERROR(INDEX('Monthly Matrix'!$I$4:$I$76,MATCH(SMALL('Monthly Matrix'!$AH$4:$AH$76,2),'Monthly Matrix'!$AH$4:$AH$76,0)),"") -> 14 | I40: =IFERROR(INDEX('Monthly Matrix'!$N$4:$N$76,MATCH(SMALL('Monthly Matrix'!$AH$4:$AH$76,2),'Monthly Matrix'!$AH$4:$AH$76,0)),"") -> 80 | J40: =IFERROR(INDEX('Monthly Matrix'!$P$4:$P$76,MATCH(SMALL('Monthly Matrix'!$AH$4:$AH$76,2),'Monthly Matrix'!$AH$4:$AH$76,0)),"") -> 0 | K40: =IFERROR(INDEX('Monthly Matrix'!$AH$4:$AH$76,MATCH(SMALL('Monthly Matrix'!$AH$4:$AH$76,2),'Monthly Matrix'!$AH$4:$AH$76,0)),"") -> 0 | L40: =IFERROR(INDEX('Monthly Matrix'!$AI$4:$AI$76,MATCH(SMALL('Monthly Matrix'!$AH$4:$AH$76,2),'Monthly Matrix'!$AH$4:$AH$76,0))/K40,"") | M40: =IFERROR(INDEX('Monthly Matrix'!$AF$4:$AF$76,MATCH(SMALL('Monthly Matrix'!$AH$4:$AH$76,2),'Monthly Matrix'!$AH$4:$AH$76,0)),"") -> YES - within 5 working days
A41: 3 | B41: =IFERROR(INDEX('Monthly Matrix'!$B$4:$B$76,MATCH(SMALL('Monthly Matrix'!$AH$4:$AH$76,3),'Monthly Matrix'!$AH$4:$AH$76,0)),"") -> Kingfisher Tree Services Ltd | C41: =IFERROR(INDEX('Monthly Matrix'!$C$4:$C$76,MATCH(SMALL('Monthly Matrix'!$AH$4:$AH$76,3),'Monthly Matrix'!$AH$4:$AH$76,0)),"") -> ESB - Utility Arboriculture | D41: =IFERROR(INDEX('Monthly Matrix'!$E$4:$E$76,MATCH(SMALL('Monthly Matrix'!$AH$4:$AH$76,3),'Monthly Matrix'!$AH$4:$AH$76,0)),"") -> Jake Bolwell | E41: =IFERROR(INDEX('Monthly Matrix'!$T$4:$T$76,MATCH(SMALL('Monthly Matrix'!$AH$4:$AH$76,3),'Monthly Matrix'!$AH$4:$AH$76,0)),"") -> 3 | F41: =IFERROR(INDEX('Monthly Matrix'!$V$4:$AA$76,MATCH(SMALL('Monthly Matrix'!$AH$4:$AH$76,3),'Monthly Matrix'!$AH$4:$AH$76,0)),"") | G41: =IFERROR(INDEX('Monthly Matrix'!$J$4:$J$76,MATCH(SMALL('Monthly Matrix'!$AH$4:$AH$76,3),'Monthly Matrix'!$AH$4:$AH$76,0)),"") -> 0 | H41: =IFERROR(INDEX('Monthly Matrix'!$I$4:$I$76,MATCH(SMALL('Monthly Matrix'!$AH$4:$AH$76,3),'Monthly Matrix'!$AH$4:$AH$76,0)),"") -> 14 | I41: =IFERROR(INDEX('Monthly Matrix'!$N$4:$N$76,MATCH(SMALL('Monthly Matrix'!$AH$4:$AH$76,3),'Monthly Matrix'!$AH$4:$AH$76,0)),"") -> 80 | J41: =IFERROR(INDEX('Monthly Matrix'!$P$4:$P$76,MATCH(SMALL('Monthly Matrix'!$AH$4:$AH$76,3),'Monthly Matrix'!$AH$4:$AH$76,0)),"") -> 0 | K41: =IFERROR(INDEX('Monthly Matrix'!$AH$4:$AH$76,MATCH(SMALL('Monthly Matrix'!$AH$4:$AH$76,3),'Monthly Matrix'!$AH$4:$AH$76,0)),"") -> 0 | L41: =IFERROR(INDEX('Monthly Matrix'!$AI$4:$AI$76,MATCH(SMALL('Monthly Matrix'!$AH$4:$AH$76,3),'Monthly Matrix'!$AH$4:$AH$76,0))/K41,"") | M41: =IFERROR(INDEX('Monthly Matrix'!$AF$4:$AF$76,MATCH(SMALL('Monthly Matrix'!$AH$4:$AH$76,3),'Monthly Matrix'!$AH$4:$AH$76,0)),"") -> YES - within 5 working days
A42: 4 | B42: =IFERROR(INDEX('Monthly Matrix'!$B$4:$B$76,MATCH(SMALL('Monthly Matrix'!$AH$4:$AH$76,4),'Monthly Matrix'!$AH$4:$AH$76,0)),"") -> Kingfisher Tree Services Ltd | C42: =IFERROR(INDEX('Monthly Matrix'!$C$4:$C$76,MATCH(SMALL('Monthly Matrix'!$AH$4:$AH$76,4),'Monthly Matrix'!$AH$4:$AH$76,0)),"") -> ESB - Utility Arboriculture | D42: =IFERROR(INDEX('Monthly Matrix'!$E$4:$E$76,MATCH(SMALL('Monthly Matrix'!$AH$4:$AH$76,4),'Monthly Matrix'!$AH$4:$AH$76,0)),"") -> Jake Bolwell | E42: =IFERROR(INDEX('Monthly Matrix'!$T$4:$T$76,MATCH(SMALL('Monthly Matrix'!$AH$4:$AH$76,4),'Monthly Matrix'!$AH$4:$AH$76,0)),"") -> 3 | F42: =IFERROR(INDEX('Monthly Matrix'!$V$4:$AA$76,MATCH(SMALL('Monthly Matrix'!$AH$4:$AH$76,4),'Monthly Matrix'!$AH$4:$AH$76,0)),"") | G42: =IFERROR(INDEX('Monthly Matrix'!$J$4:$J$76,MATCH(SMALL('Monthly Matrix'!$AH$4:$AH$76,4),'Monthly Matrix'!$AH$4:$AH$76,0)),"") -> 0 | H42: =IFERROR(INDEX('Monthly Matrix'!$I$4:$I$76,MATCH(SMALL('Monthly Matrix'!$AH$4:$AH$76,4),'Monthly Matrix'!$AH$4:$AH$76,0)),"") -> 14 | I42: =IFERROR(INDEX('Monthly Matrix'!$N$4:$N$76,MATCH(SMALL('Monthly Matrix'!$AH$4:$AH$76,4),'Monthly Matrix'!$AH$4:$AH$76,0)),"") -> 80 | J42: =IFERROR(INDEX('Monthly Matrix'!$P$4:$P$76,MATCH(SMALL('Monthly Matrix'!$AH$4:$AH$76,4),'Monthly Matrix'!$AH$4:$AH$76,0)),"") -> 0 | K42: =IFERROR(INDEX('Monthly Matrix'!$AH$4:$AH$76,MATCH(SMALL('Monthly Matrix'!$AH$4:$AH$76,4),'Monthly Matrix'!$AH$4:$AH$76,0)),"") -> 0 | L42: =IFERROR(INDEX('Monthly Matrix'!$AI$4:$AI$76,MATCH(SMALL('Monthly Matrix'!$AH$4:$AH$76,4),'Monthly Matrix'!$AH$4:$AH$76,0))/K42,"") | M42: =IFERROR(INDEX('Monthly Matrix'!$AF$4:$AF$76,MATCH(SMALL('Monthly Matrix'!$AH$4:$AH$76,4),'Monthly Matrix'!$AH$4:$AH$76,0)),"") -> YES - within 5 working days
A43: 5 | B43: =IFERROR(INDEX('Monthly Matrix'!$B$4:$B$76,MATCH(SMALL('Monthly Matrix'!$AH$4:$AH$76,5),'Monthly Matrix'!$AH$4:$AH$76,0)),"") -> Kingfisher Tree Services Ltd | C43: =IFERROR(INDEX('Monthly Matrix'!$C$4:$C$76,MATCH(SMALL('Monthly Matrix'!$AH$4:$AH$76,5),'Monthly Matrix'!$AH$4:$AH$76,0)),"") -> ESB - Utility Arboriculture | D43: =IFERROR(INDEX('Monthly Matrix'!$E$4:$E$76,MATCH(SMALL('Monthly Matrix'!$AH$4:$AH$76,5),'Monthly Matrix'!$AH$4:$AH$76,0)),"") -> Jake Bolwell | E43: =IFERROR(INDEX('Monthly Matrix'!$T$4:$T$76,MATCH(SMALL('Monthly Matrix'!$AH$4:$AH$76,5),'Monthly Matrix'!$AH$4:$AH$76,0)),"") -> 3 | F43: =IFERROR(INDEX('Monthly Matrix'!$V$4:$AA$76,MATCH(SMALL('Monthly Matrix'!$AH$4:$AH$76,5),'Monthly Matrix'!$AH$4:$AH$76,0)),"") | G43: =IFERROR(INDEX('Monthly Matrix'!$J$4:$J$76,MATCH(SMALL('Monthly Matrix'!$AH$4:$AH$76,5),'Monthly Matrix'!$AH$4:$AH$76,0)),"") -> 0 | H43: =IFERROR(INDEX('Monthly Matrix'!$I$4:$I$76,MATCH(SMALL('Monthly Matrix'!$AH$4:$AH$76,5),'Monthly Matrix'!$AH$4:$AH$76,0)),"") -> 14 | I43: =IFERROR(INDEX('Monthly Matrix'!$N$4:$N$76,MATCH(SMALL('Monthly Matrix'!$AH$4:$AH$76,5),'Monthly Matrix'!$AH$4:$AH$76,0)),"") -> 80 | J43: =IFERROR(INDEX('Monthly Matrix'!$P$4:$P$76,MATCH(SMALL('Monthly Matrix'!$AH$4:$AH$76,5),'Monthly Matrix'!$AH$4:$AH$76,0)),"") -> 0 | K43: =IFERROR(INDEX('Monthly Matrix'!$AH$4:$AH$76,MATCH(SMALL('Monthly Matrix'!$AH$4:$AH$76,5),'Monthly Matrix'!$AH$4:$AH$76,0)),"") -> 0 | L43: =IFERROR(INDEX('Monthly Matrix'!$AI$4:$AI$76,MATCH(SMALL('Monthly Matrix'!$AH$4:$AH$76,5),'Monthly Matrix'!$AH$4:$AH$76,0))/K43,"") | M43: =IFERROR(INDEX('Monthly Matrix'!$AF$4:$AF$76,MATCH(SMALL('Monthly Matrix'!$AH$4:$AH$76,5),'Monthly Matrix'!$AH$4:$AH$76,0)),"") -> YES - within 5 working days
A44: 6 | B44: =IFERROR(INDEX('Monthly Matrix'!$B$4:$B$76,MATCH(SMALL('Monthly Matrix'!$AH$4:$AH$76,6),'Monthly Matrix'!$AH$4:$AH$76,0)),"") -> Kingfisher Tree Services Ltd | C44: =IFERROR(INDEX('Monthly Matrix'!$C$4:$C$76,MATCH(SMALL('Monthly Matrix'!$AH$4:$AH$76,6),'Monthly Matrix'!$AH$4:$AH$76,0)),"") -> ESB - Utility Arboriculture | D44: =IFERROR(INDEX('Monthly Matrix'!$E$4:$E$76,MATCH(SMALL('Monthly Matrix'!$AH$4:$AH$76,6),'Monthly Matrix'!$AH$4:$AH$76,0)),"") -> Jake Bolwell | E44: =IFERROR(INDEX('Monthly Matrix'!$T$4:$T$76,MATCH(SMALL('Monthly Matrix'!$AH$4:$AH$76,6),'Monthly Matrix'!$AH$4:$AH$76,0)),"") -> 3 | F44: =IFERROR(INDEX('Monthly Matrix'!$V$4:$AA$76,MATCH(SMALL('Monthly Matrix'!$AH$4:$AH$76,6),'Monthly Matrix'!$AH$4:$AH$76,0)),"") | G44: =IFERROR(INDEX('Monthly Matrix'!$J$4:$J$76,MATCH(SMALL('Monthly Matrix'!$AH$4:$AH$76,6),'Monthly Matrix'!$AH$4:$AH$76,0)),"") -> 0 | H44: =IFERROR(INDEX('Monthly Matrix'!$I$4:$I$76,MATCH(SMALL('Monthly Matrix'!$AH$4:$AH$76,6),'Monthly Matrix'!$AH$4:$AH$76,0)),"") -> 14 | I44: =IFERROR(INDEX('Monthly Matrix'!$N$4:$N$76,MATCH(SMALL('Monthly Matrix'!$AH$4:$AH$76,6),'Monthly Matrix'!$AH$4:$AH$76,0)),"") -> 80 | J44: =IFERROR(INDEX('Monthly Matrix'!$P$4:$P$76,MATCH(SMALL('Monthly Matrix'!$AH$4:$AH$76,6),'Monthly Matrix'!$AH$4:$AH$76,0)),"") -> 0 | K44: =IFERROR(INDEX('Monthly Matrix'!$AH$4:$AH$76,MATCH(SMALL('Monthly Matrix'!$AH$4:$AH$76,6),'Monthly Matrix'!$AH$4:$AH$76,0)),"") -> 0 | L44: =IFERROR(INDEX('Monthly Matrix'!$AI$4:$AI$76,MATCH(SMALL('Monthly Matrix'!$AH$4:$AH$76,6),'Monthly Matrix'!$AH$4:$AH$76,0))/K44,"") | M44: =IFERROR(INDEX('Monthly Matrix'!$AF$4:$AF$76,MATCH(SMALL('Monthly Matrix'!$AH$4:$AH$76,6),'Monthly Matrix'!$AH$4:$AH$76,0)),"") -> YES - within 5 working days
A45: 7 | B45: =IFERROR(INDEX('Monthly Matrix'!$B$4:$B$76,MATCH(SMALL('Monthly Matrix'!$AH$4:$AH$76,7),'Monthly Matrix'!$AH$4:$AH$76,0)),"") -> Kingfisher Tree Services Ltd | C45: =IFERROR(INDEX('Monthly Matrix'!$C$4:$C$76,MATCH(SMALL('Monthly Matrix'!$AH$4:$AH$76,7),'Monthly Matrix'!$AH$4:$AH$76,0)),"") -> ESB - Utility Arboriculture | D45: =IFERROR(INDEX('Monthly Matrix'!$E$4:$E$76,MATCH(SMALL('Monthly Matrix'!$AH$4:$AH$76,7),'Monthly Matrix'!$AH$4:$AH$76,0)),"") -> Jake Bolwell | E45: =IFERROR(INDEX('Monthly Matrix'!$T$4:$T$76,MATCH(SMALL('Monthly Matrix'!$AH$4:$AH$76,7),'Monthly Matrix'!$AH$4:$AH$76,0)),"") -> 3 | F45: =IFERROR(INDEX('Monthly Matrix'!$V$4:$AA$76,MATCH(SMALL('Monthly Matrix'!$AH$4:$AH$76,7),'Monthly Matrix'!$AH$4:$AH$76,0)),"") | G45: =IFERROR(INDEX('Monthly Matrix'!$J$4:$J$76,MATCH(SMALL('Monthly Matrix'!$AH$4:$AH$76,7),'Monthly Matrix'!$AH$4:$AH$76,0)),"") -> 0 | H45: =IFERROR(INDEX('Monthly Matrix'!$I$4:$I$76,MATCH(SMALL('Monthly Matrix'!$AH$4:$AH$76,7),'Monthly Matrix'!$AH$4:$AH$76,0)),"") -> 14 | I45: =IFERROR(INDEX('Monthly Matrix'!$N$4:$N$76,MATCH(SMALL('Monthly Matrix'!$AH$4:$AH$76,7),'Monthly Matrix'!$AH$4:$AH$76,0)),"") -> 80 | J45: =IFERROR(INDEX('Monthly Matrix'!$P$4:$P$76,MATCH(SMALL('Monthly Matrix'!$AH$4:$AH$76,7),'Monthly Matrix'!$AH$4:$AH$76,0)),"") -> 0 | K45: =IFERROR(INDEX('Monthly Matrix'!$AH$4:$AH$76,MATCH(SMALL('Monthly Matrix'!$AH$4:$AH$76,7),'Monthly Matrix'!$AH$4:$AH$76,0)),"") -> 0 | L45: =IFERROR(INDEX('Monthly Matrix'!$AI$4:$AI$76,MATCH(SMALL('Monthly Matrix'!$AH$4:$AH$76,7),'Monthly Matrix'!$AH$4:$AH$76,0))/K45,"") | M45: =IFERROR(INDEX('Monthly Matrix'!$AF$4:$AF$76,MATCH(SMALL('Monthly Matrix'!$AH$4:$AH$76,7),'Monthly Matrix'!$AH$4:$AH$76,0)),"") -> YES - within 5 working days
A46: 8 | B46: =IFERROR(INDEX('Monthly Matrix'!$B$4:$B$76,MATCH(SMALL('Monthly Matrix'!$AH$4:$AH$76,8),'Monthly Matrix'!$AH$4:$AH$76,0)),"") -> Kingfisher Tree Services Ltd | C46: =IFERROR(INDEX('Monthly Matrix'!$C$4:$C$76,MATCH(SMALL('Monthly Matrix'!$AH$4:$AH$76,8),'Monthly Matrix'!$AH$4:$AH$76,0)),"") -> ESB - Utility Arboriculture | D46: =IFERROR(INDEX('Monthly Matrix'!$E$4:$E$76,MATCH(SMALL('Monthly Matrix'!$AH$4:$AH$76,8),'Monthly Matrix'!$AH$4:$AH$76,0)),"") -> Jake Bolwell | E46: =IFERROR(INDEX('Monthly Matrix'!$T$4:$T$76,MATCH(SMALL('Monthly Matrix'!$AH$4:$AH$76,8),'Monthly Matrix'!$AH$4:$AH$76,0)),"") -> 3 | F46: =IFERROR(INDEX('Monthly Matrix'!$V$4:$AA$76,MATCH(SMALL('Monthly Matrix'!$AH$4:$AH$76,8),'Monthly Matrix'!$AH$4:$AH$76,0)),"") | G46: =IFERROR(INDEX('Monthly Matrix'!$J$4:$J$76,MATCH(SMALL('Monthly Matrix'!$AH$4:$AH$76,8),'Monthly Matrix'!$AH$4:$AH$76,0)),"") -> 0 | H46: =IFERROR(INDEX('Monthly Matrix'!$I$4:$I$76,MATCH(SMALL('Monthly Matrix'!$AH$4:$AH$76,8),'Monthly Matrix'!$AH$4:$AH$76,0)),"") -> 14 | I46: =IFERROR(INDEX('Monthly Matrix'!$N$4:$N$76,MATCH(SMALL('Monthly Matrix'!$AH$4:$AH$76,8),'Monthly Matrix'!$AH$4:$AH$76,0)),"") -> 80 | J46: =IFERROR(INDEX('Monthly Matrix'!$P$4:$P$76,MATCH(SMALL('Monthly Matrix'!$AH$4:$AH$76,8),'Monthly Matrix'!$AH$4:$AH$76,0)),"") -> 0 | K46: =IFERROR(INDEX('Monthly Matrix'!$AH$4:$AH$76,MATCH(SMALL('Monthly Matrix'!$AH$4:$AH$76,8),'Monthly Matrix'!$AH$4:$AH$76,0)),"") -> 0 | L46: =IFERROR(INDEX('Monthly Matrix'!$AI$4:$AI$76,MATCH(SMALL('Monthly Matrix'!$AH$4:$AH$76,8),'Monthly Matrix'!$AH$4:$AH$76,0))/K46,"") | M46: =IFERROR(INDEX('Monthly Matrix'!$AF$4:$AF$76,MATCH(SMALL('Monthly Matrix'!$AH$4:$AH$76,8),'Monthly Matrix'!$AH$4:$AH$76,0)),"") -> YES - within 5 working days
A47: 9 | B47: =IFERROR(INDEX('Monthly Matrix'!$B$4:$B$76,MATCH(SMALL('Monthly Matrix'!$AH$4:$AH$76,9),'Monthly Matrix'!$AH$4:$AH$76,0)),"") -> Kingfisher Tree Services Ltd | C47: =IFERROR(INDEX('Monthly Matrix'!$C$4:$C$76,MATCH(SMALL('Monthly Matrix'!$AH$4:$AH$76,9),'Monthly Matrix'!$AH$4:$AH$76,0)),"") -> ESB - Utility Arboriculture | D47: =IFERROR(INDEX('Monthly Matrix'!$E$4:$E$76,MATCH(SMALL('Monthly Matrix'!$AH$4:$AH$76,9),'Monthly Matrix'!$AH$4:$AH$76,0)),"") -> Jake Bolwell | E47: =IFERROR(INDEX('Monthly Matrix'!$T$4:$T$76,MATCH(SMALL('Monthly Matrix'!$AH$4:$AH$76,9),'Monthly Matrix'!$AH$4:$AH$76,0)),"") -> 3 | F47: =IFERROR(INDEX('Monthly Matrix'!$V$4:$AA$76,MATCH(SMALL('Monthly Matrix'!$AH$4:$AH$76,9),'Monthly Matrix'!$AH$4:$AH$76,0)),"") | G47: =IFERROR(INDEX('Monthly Matrix'!$J$4:$J$76,MATCH(SMALL('Monthly Matrix'!$AH$4:$AH$76,9),'Monthly Matrix'!$AH$4:$AH$76,0)),"") -> 0 | H47: =IFERROR(INDEX('Monthly Matrix'!$I$4:$I$76,MATCH(SMALL('Monthly Matrix'!$AH$4:$AH$76,9),'Monthly Matrix'!$AH$4:$AH$76,0)),"") -> 14 | I47: =IFERROR(INDEX('Monthly Matrix'!$N$4:$N$76,MATCH(SMALL('Monthly Matrix'!$AH$4:$AH$76,9),'Monthly Matrix'!$AH$4:$AH$76,0)),"") -> 80 | J47: =IFERROR(INDEX('Monthly Matrix'!$P$4:$P$76,MATCH(SMALL('Monthly Matrix'!$AH$4:$AH$76,9),'Monthly Matrix'!$AH$4:$AH$76,0)),"") -> 0 | K47: =IFERROR(INDEX('Monthly Matrix'!$AH$4:$AH$76,MATCH(SMALL('Monthly Matrix'!$AH$4:$AH$76,9),'Monthly Matrix'!$AH$4:$AH$76,0)),"") -> 0 | L47: =IFERROR(INDEX('Monthly Matrix'!$AI$4:$AI$76,MATCH(SMALL('Monthly Matrix'!$AH$4:$AH$76,9),'Monthly Matrix'!$AH$4:$AH$76,0))/K47,"") | M47: =IFERROR(INDEX('Monthly Matrix'!$AF$4:$AF$76,MATCH(SMALL('Monthly Matrix'!$AH$4:$AH$76,9),'Monthly Matrix'!$AH$4:$AH$76,0)),"") -> YES - within 5 working days
A48: 10 | B48: =IFERROR(INDEX('Monthly Matrix'!$B$4:$B$76,MATCH(SMALL('Monthly Matrix'!$AH$4:$AH$76,10),'Monthly Matrix'!$AH$4:$AH$76,0)),"") -> Kingfisher Tree Services Ltd | C48: =IFERROR(INDEX('Monthly Matrix'!$C$4:$C$76,MATCH(SMALL('Monthly Matrix'!$AH$4:$AH$76,10),'Monthly Matrix'!$AH$4:$AH$76,0)),"") -> ESB - Utility Arboriculture | D48: =IFERROR(INDEX('Monthly Matrix'!$E$4:$E$76,MATCH(SMALL('Monthly Matrix'!$AH$4:$AH$76,10),'Monthly Matrix'!$AH$4:$AH$76,0)),"") -> Jake Bolwell | E48: =IFERROR(INDEX('Monthly Matrix'!$T$4:$T$76,MATCH(SMALL('Monthly Matrix'!$AH$4:$AH$76,10),'Monthly Matrix'!$AH$4:$AH$76,0)),"") -> 3 | F48: =IFERROR(INDEX('Monthly Matrix'!$V$4:$AA$76,MATCH(SMALL('Monthly Matrix'!$AH$4:$AH$76,10),'Monthly Matrix'!$AH$4:$AH$76,0)),"") | G48: =IFERROR(INDEX('Monthly Matrix'!$J$4:$J$76,MATCH(SMALL('Monthly Matrix'!$AH$4:$AH$76,10),'Monthly Matrix'!$AH$4:$AH$76,0)),"") -> 0 | H48: =IFERROR(INDEX('Monthly Matrix'!$I$4:$I$76,MATCH(SMALL('Monthly Matrix'!$AH$4:$AH$76,10),'Monthly Matrix'!$AH$4:$AH$76,0)),"") -> 14 | I48: =IFERROR(INDEX('Monthly Matrix'!$N$4:$N$76,MATCH(SMALL('Monthly Matrix'!$AH$4:$AH$76,10),'Monthly Matrix'!$AH$4:$AH$76,0)),"") -> 80 | J48: =IFERROR(INDEX('Monthly Matrix'!$P$4:$P$76,MATCH(SMALL('Monthly Matrix'!$AH$4:$AH$76,10),'Monthly Matrix'!$AH$4:$AH$76,0)),"") -> 0 | K48: =IFERROR(INDEX('Monthly Matrix'!$AH$4:$AH$76,MATCH(SMALL('Monthly Matrix'!$AH$4:$AH$76,10),'Monthly Matrix'!$AH$4:$AH$76,0)),"") -> 0 | L48: =IFERROR(INDEX('Monthly Matrix'!$AI$4:$AI$76,MATCH(SMALL('Monthly Matrix'!$AH$4:$AH$76,10),'Monthly Matrix'!$AH$4:$AH$76,0))/K48,"") | M48: =IFERROR(INDEX('Monthly Matrix'!$AF$4:$AF$76,MATCH(SMALL('Monthly Matrix'!$AH$4:$AH$76,10),'Monthly Matrix'!$AH$4:$AH$76,0)),"") -> YES - within 5 working days

Sheet Field Teams
A1: FIELD TEAM MASTER LIST | L1: NEW TEAM CHECKER - auto-updates when Skillko data is pasted
A2: Master list — drives Monthly Matrix, Audit Schedule, Action Log and Dashboard automatically. Add new teams at the bottom. Use the Status dropdown (col I) to set Active or Inactive. Inactive teams are excluded from all scoring, rankings and counts. Do not delete rows. | L2: Teams found in Skillko export but NOT in master list are highlighted amber. Add them manually to the master list below (cols A–I) then set Status = Active.
A3: NOD = Sponsor Manager | SOM = Sponsor | CM = Contract Manager | PM = Project Manager | Operative Count auto-calculates from Data - Skillko tab | Status dropdown: Active / Inactive only | L3: Only team-level rows are shown (Job Role = Total, excluding company-named rows). Refresh by re-pasting Skillko data.
A4: Team ID | B4: Field Team Name | C4: Contract | D4: NOD | E4: SOM | F4: CM | G4: PM | H4: Operative Count (auto) | I4: Status | L4: Field Team Name (from Skillko) | M4: In Master List? | N4: Contract (Operating Unit)
A5: FT-001 | B5: Kingfisher Tree Services Ltd | C5: ESB - Utility Arboriculture | D5: Donovan Gosher | E5: Jake Bolwell | H5: =IFERROR(SUMPRODUCT(('Data - Skillko'!I$5:I$1547=B5)*('Data - Skillko'!D$5:D$1547="Total")*('Data - Skillko'!C$5:C$1547<>"Total")*('Data - Skillko'!C$5:C$1547<>"")*(NOT(ISNUMBER(SEARCH(B5,'Data - Skillko'!C$5:C$1547))))),0) -> 7 | I5: Active | L5: Note: requires Excel 365 for UNIQUE and FILTER functions. If formula errors appear in L6, these functions are not available on this version.
A6: FT-002 | B6: WRS Tree Services Ltd | C6: Utility Arboriculture | D6: David Damm | E6: Mike Jackson | H6: =IFERROR(SUMPRODUCT(('Data - Skillko'!I$5:I$1547=B6)*('Data - Skillko'!D$5:D$1547="Total")*('Data - Skillko'!C$5:C$1547<>"Total")*('Data - Skillko'!C$5:C$1547<>"")*(NOT(ISNUMBER(SEARCH(B6,'Data - Skillko'!C$5:C$1547))))),0) -> 3 | I6: Active | L6: No new Skillko teams missing from master list in current paste
A7: FT-003 | B7: Ashdown Tree Limited | C7: Utility Arboriculture | D7: Donovan Gosher | E7: Barry Bright | H7: =IFERROR(SUMPRODUCT(('Data - Skillko'!I$5:I$1547=B7)*('Data - Skillko'!D$5:D$1547="Total")*('Data - Skillko'!C$5:C$1547<>"Total")*('Data - Skillko'!C$5:C$1547<>"")*(NOT(ISNUMBER(SEARCH(B7,'Data - Skillko'!C$5:C$1547))))),0) -> 6 | I7: Active
A8: FT-004 | B8: Austin Tree Care LTD | C8: Utility Arboriculture | D8: Donovan Gosher | E8: Barry Bright | H8: =IFERROR(SUMPRODUCT(('Data - Skillko'!I$5:I$1547=B8)*('Data - Skillko'!D$5:D$1547="Total")*('Data - Skillko'!C$5:C$1547<>"Total")*('Data - Skillko'!C$5:C$1547<>"")*(NOT(ISNUMBER(SEARCH(B8,'Data - Skillko'!C$5:C$1547))))),0) -> 2 | I8: Active
A9: FT-005 | B9: D & R Landscapes | C9: Utility Arboriculture | D9: Donovan Gosher | E9: Barry Bright | H9: =IFERROR(SUMPRODUCT(('Data - Skillko'!I$5:I$1547=B9)*('Data - Skillko'!D$5:D$1547="Total")*('Data - Skillko'!C$5:C$1547<>"Total")*('Data - Skillko'!C$5:C$1547<>"")*(NOT(ISNUMBER(SEARCH(B9,'Data - Skillko'!C$5:C$1547))))),0) -> 6 | I9: Active
A10: FT-006 | B10: Eastwoodbury Tree Services Ltd | C10: Utility Arboriculture | D10: Donovan Gosher | E10: Barry Bright | H10: =IFERROR(SUMPRODUCT(('Data - Skillko'!I$5:I$1547=B10)*('Data - Skillko'!D$5:D$1547="Total")*('Data - Skillko'!C$5:C$1547<>"Total")*('Data - Skillko'!C$5:C$1547<>"")*(NOT(ISNUMBER(SEARCH(B10,'Data - Skillko'!C$5:C$1547))))),0) -> 6 | I10: Active
A11: FT-007 | B11: Green Net Eco Ltd | C11: Utility Arboriculture | D11: Donovan Gosher | E11: Barry Bright | H11: =IFERROR(SUMPRODUCT(('Data - Skillko'!I$5:I$1547=B11)*('Data - Skillko'!D$5:D$1547="Total")*('Data - Skillko'!C$5:C$1547<>"Total")*('Data - Skillko'!C$5:C$1547<>"")*(NOT(ISNUMBER(SEARCH(B11,'Data - Skillko'!C$5:C$1547))))),0) -> 3 | I11: Active
A12: FT-008 | B12: Hope Ground and Tree Care | C12: Utility Arboriculture | D12: Donovan Gosher | E12: Barry Bright | H12: =IFERROR(SUMPRODUCT(('Data - Skillko'!I$5:I$1547=B12)*('Data - Skillko'!D$5:D$1547="Total")*('Data - Skillko'!C$5:C$1547<>"Total")*('Data - Skillko'!C$5:C$1547<>"")*(NOT(ISNUMBER(SEARCH(B12,'Data - Skillko'!C$5:C$1547))))),0) -> 2 | I12: Active
A13: FT-009 | B13: M G Tree Surgery Ltd | C13: Utility Arboriculture | D13: Donovan Gosher | E13: Barry Bright | H13: =IFERROR(SUMPRODUCT(('Data - Skillko'!I$5:I$1547=B13)*('Data - Skillko'!D$5:D$1547="Total")*('Data - Skillko'!C$5:C$1547<>"Total")*('Data - Skillko'!C$5:C$1547<>"")*(NOT(ISNUMBER(SEARCH(B13,'Data - Skillko'!C$5:C$1547))))),0) -> 3 | I13: Active
A14: FT-010 | B14: MAC Tree Surgery and Fencing Ltd | C14: Utility Arboriculture | D14: Donovan Gosher | E14: Barry Bright | H14: =IFERROR(SUMPRODUCT(('Data - Skillko'!I$5:I$1547=B14)*('Data - Skillko'!D$5:D$1547="Total")*('Data - Skillko'!C$5:C$1547<>"Total")*('Data - Skillko'!C$5:C$1547<>"")*(NOT(ISNUMBER(SEARCH(B14,'Data - Skillko'!C$5:C$1547))))),0) -> 3 | I14: Active
A15: FT-011 | B15: Optimum Tree Services | C15: Utility Arboriculture | D15: Donovan Gosher | E15: Barry Bright | H15: =IFERROR(SUMPRODUCT(('Data - Skillko'!I$5:I$1547=B15)*('Data - Skillko'!D$5:D$1547="Total")*('Data - Skillko'!C$5:C$1547<>"Total")*('Data - Skillko'!C$5:C$1547<>"")*(NOT(ISNUMBER(SEARCH(B15,'Data - Skillko'!C$5:C$1547))))),0) -> 2 | I15: Active
A16: FT-012 | B16: S6 Tree Specialists Ltd | C16: Utility Arboriculture | D16: Donovan Gosher | E16: Barry Bright | H16: =IFERROR(SUMPRODUCT(('Data - Skillko'!I$5:I$1547=B16)*('Data - Skillko'!D$5:D$1547="Total")*('Data - Skillko'!C$5:C$1547<>"Total")*('Data - Skillko'!C$5:C$1547<>"")*(NOT(ISNUMBER(SEARCH(B16,'Data - Skillko'!C$5:C$1547))))),0) -> 2 | I16: Active
A17: FT-013 | B17: Tree Tech Suffolk Ltd | C17: Utility Arboriculture | D17: Donovan Gosher | E17: Barry Bright | H17: =IFERROR(SUMPRODUCT(('Data - Skillko'!I$5:I$1547=B17)*('Data - Skillko'!D$5:D$1547="Total")*('Data - Skillko'!C$5:C$1547<>"Total")*('Data - Skillko'!C$5:C$1547<>"")*(NOT(ISNUMBER(SEARCH(B17,'Data - Skillko'!C$5:C$1547))))),0) -> 3 | I17: Active
A18: FT-014 | B18: Tree Tops Arborist | C18: Utility Arboriculture | D18: Donovan Gosher | E18: Barry Bright | H18: =IFERROR(SUMPRODUCT(('Data - Skillko'!I$5:I$1547=B18)*('Data - Skillko'!D$5:D$1547="Total")*('Data - Skillko'!C$5:C$1547<>"Total")*('Data - Skillko'!C$5:C$1547<>"")*(NOT(ISNUMBER(SEARCH(B18,'Data - Skillko'!C$5:C$1547))))),0) -> 2 | I18: Active
... A77: FT-073 | B77: Wootton Forestry & Powerline Services Ltd | C77: Utility Arboriculture | D77: Paul Shaw | E77: David Damm | H77: =IFERROR(SUMPRODUCT(('Data - Skillko'!I$5:I$1547=B77)*('Data - Skillko'!D$5:D$1547="Total")*('Data - Skillko'!C$5:C$1547<>"Total")*('Data - Skillko'!C$5:C$1547<>"")*(NOT(ISNUMBER(SEARCH(B77,'Data - Skillko'!C$5:C$1547))))),0) -> 5 | I77: Active
I78: Active
I79: Active
I80: Active
I81: Active
I82: Active
I83: Active
I84: Active
I85: Active
I86: Active
I87: Active
I88: Active
I89: Active
... I204: Active

Sheet Settings
A1: FIELD TEAM RISK MATRIX - SETTINGS & WEIGHTS
A2: Adjust weights and thresholds here — all other sheets update automatically. Do not modify metric formulas directly. Weights: Amber=18, Red Alerts=6, Skillko=8, Quality=7 (total=39 — scores now 1–5 per metric). Thresholds: HIGH ≤2.75, MEDIUM ≤3.24, LOW ≥3.25. Amber floor: teams scoring ≤2.0 on amber metric are auto-rated HIGH regardless of composite.
A4: METRIC WEIGHTS & SCORING - adjust Weight column only
A5: Metric | B5: Target | C5: Direction | D5: Weight (1-10) | E5: Scoring Logic | F5: Source
A6: Amber Alert Count | B6: 2 per person per month | C6: Low amber count = HIGH risk | D6: 18 | E6: Score = MAX(0,(target-actual)/target×10). Zero ambers = score 10. | F6: HSQE Tracker - Impact = Opportunity, DE/FT Name
A7: Red Alerts - Minor (G2) | B7: 0 | C7: Any red alerts = HIGH risk signal | D7: 6 | E7: Red Alert Score = MAX(Minor sub-score, Moderate/Major sub-score). Minor: each event = +0.8 above baseline 1, capped at 5. Moderate/Major: each event = +2 above baseline 1, capped at 5. Score = MAX(MIN(5, minor×0.8+1), MIN(5, mod_maj×2+1)). Major event also forces AUTO HIGH via override regardless of score. | F7: HSQE Events export - Impact = Minor | Moderate | Major, DE/FT Name
A8: Red Alerts - Moderate/Major (G3+) | B8: 0 | C8: Folded into Red Alert Score above | D8: 0 | E8: Count only - scoring handled by Red Alert Score in row 7. | F8: HSQE Events export - Impact = Moderate | Major, DE/FT Name
A9: Major event override | B9: 0 | C9: Any Major = AUTO HIGH | D9: 0 | E9: Any Major impact event forces team to HIGH regardless of composite score. | F9: HSQE Tracker 2 CSV - Impact = Major, DE/FT Name
A10: Skillko Compliance | B10: 95% | C10: Low % = HIGH risk | D10: 8 | E10: Score = (1 − actual%) × 4 + 1, range 1–5. E.g. 70% compliance = score 2.2. | F10: Skillko export - team summary rows, Compliance column
D11: 0
A12: Post-Cut Quality - defect rate | B12: 0% defect rate per month | C12: High defect rate = HIGH risk | D12: 7 | E12: Score = (non-compliant poles / total poles assessed) × 4 + 1, range 1–5, capped at 5. If no poles assessed this month, score = 0 (no data = no penalty). Uses rate not count, so team workload does not inflate risk. | F12: Post-cut quality export - FT On Site, Completed, Summary of Works
A13: Site Safety Visit (SSV) | D13: 10 | E13: Score based on Overall Result of SafetyCulture audits in rolling 90-day window. High Standards=4, Compliant=3, Minor NC with 1 finding=2, Minor NC with 2+ findings=1. 5 stars requires 2+ visits all returning High Standards. 1 visit High Standards = 4 stars maximum. No visits in window = 3 (neutral). | F13: SafetyCulture SSV export — Data - SSV tab
A14: Total Weight (active metrics) | D14: =D6+D7+D10+D12+D13 -> 49
A15: Close-out Rate
A16: RISK THRESHOLDS
A17: Band | B17: Score Range | C17: RAG | D17: PM Visit Cadence | E17: Plan Required? | F17: Notes
A18: LOW | B18: 1.0 – 2.74 | C18: Green | D18: Standard cadence | E18: No | F18: All metrics within target. Continue monthly monitoring.
A19: MEDIUM | B19: 2.75 – 5.4 | C19: Amber | D19: Weekly PM check-in | E19: No | F19: One or more metrics underperforming. Initiate coaching.
A20: HIGH | B20: 3.25 – 10.0 | C20: Red | D20: 3x per week (PM) | E20: Yes | F20: Improvement plan within 5 working days. Review weekly.
A22: MAJOR EVENT OVERRIDE: Any team with a Major impact event this month is automatically scored HIGH regardless of composite score. This appears in col M of Monthly Matrix.
C23: HIGH threshold (>=) | D23: 2.75
A24: AMBER TARGET: Calculated per team as Operative Count × 2 per month. Zero amber reporting is treated as a risk signal, not a low-risk outcome. | C24: MEDIUM threshold (>=) | D24: 3.25
D25: 95
A26: AMBER FLOOR OVERRIDE: Teams submitting fewer than 20% of their amber target are automatically HIGH. This captures near-zero reporters, not just absolute zero. | C26: Amber floor threshold (score >= = AUTO HIGH) | D26: 2 | E26: Teams with amber score >= 8 (submitting < 20% of monthly target) are automatically rated HIGH regardless of composite score. Zero reporters score 10 and are always captured by this rule.

Sheet Monthly Matrix
A1: FIELD TEAM RISK MATRIX - MONTHLY SCORING
A2: Scores calculate automatically from Field Teams and Data tabs. Set date range in Dashboard: N1 = start date, O1 = end date. Regenerate Pole Results sheet after each quality data paste. RAG logic: Major event or amber score ≥8 forces HIGH regardless of composite. Inactive teams show blank scores and are excluded from all rankings.
A3: Team ID | B3: Team Name | C3: Contract | D3: NOD | E3: SOM | F3: CM | G3: PM | H3: Operative Count | I3: Amber Target | J3: Amber Count | K3: Red Alerts (Minor) | L3: Red Alerts (Mod/Maj) | M3: Major Event? | N3: Skillko (%) | O3: Skillko Score | P3: Non-Compliant Poles | Q3: Amber Score | R3: Red Alert Score | S3: Quality Score (rate) | T3: COMPOSITE SCORE (★1–5) | U3: ★ Amber | V3: ★ Red Alerts | W3: ★ Skillko | X3: ★ Quality | Y3: ★ SSV | Z3: ★ Composite | AA3: RAG | AB3: Rank (high) | AC3: Rank (low) | AD3: Rank Score (low-risk tie-break) | AE3: 4wk HIGH | AF3: Plan Required? | AG3: Date Start (helper) | AH3: Pole/Criteria Checks | AI3: Compliant Checks | AJ3: Date End (helper) | AK3: HIGH Rank (helper) | AL3: H+M Rank (helper) | AM3: Trend vs Prev Month | AN3: SSV Visit Count (helper) | AO3: SSV Score (1–5)
A4: ='Field Teams'!A5 -> FT-001 | B4: ='Field Teams'!B5 -> Kingfisher Tree Services Ltd | C4: ='Field Teams'!C5 -> ESB - Utility Arboriculture | D4: ='Field Teams'!D5 -> Donovan Gosher | E4: ='Field Teams'!E5 -> Jake Bolwell | F4: ='Field Teams'!F5 -> 0 | G4: ='Field Teams'!G5 -> 0 | H4: ='Field Teams'!H5 -> 7 | I4: =H4*2 -> 14 | J4: =IFERROR(SUMPRODUCT((((ISNUMBER(SEARCH(B4,'Data - HSQE Events'!V$6:V$3000))+ISNUMBER(SEARCH(B4,'Data - HSQE Events'!H$6:H$3000)))>0))*('Data - HSQE Events'!F$6:F$3000>=$AG$3)*('Data - HSQE Events'!F$6:F$3000<=$AJ$3)*('Data - HSQE Events'!R$6:R$3000="Opportunity")),0) -> 0 | K4: =IFERROR(SUMPRODUCT((((ISNUMBER(SEARCH(B4,'Data - HSQE Events'!V$6:V$3000))+ISNUMBER(SEARCH(B4,'Data - HSQE Events'!H$6:H$3000)))>0))*('Data - HSQE Events'!F$6:F$3000>=$AG$3)*('Data - HSQE Events'!F$6:F$3000<=$AJ$3)*('Data - HSQE Events'!R$6:R$3000="Minor")),0) -> 0 | L4: =IFERROR(SUMPRODUCT((((ISNUMBER(SEARCH(B4,'Data - HSQE Events'!V$6:V$3000))+ISNUMBER(SEARCH(B4,'Data - HSQE Events'!H$6:H$3000)))>0))*('Data - HSQE Events'!F$6:F$3000>=$AG$3)*('Data - HSQE Events'!F$6:F$3000<=$AJ$3)*(('Data - HSQE Events'!R$6:R$3000="Moderate")+('Data - HSQE Events'!R$6:R$3000="Major"))),0) -> 0 | M4: =IF(IFERROR(SUMPRODUCT((((ISNUMBER(SEARCH(B4,'Data - HSQE Events'!V$6:V$3000))+ISNUMBER(SEARCH(B4,'Data - HSQE Events'!H$6:H$3000)))>0))*('Data - HSQE Events'!F$6:F$3000>=$AG$3)*('Data - HSQE Events'!F$6:F$3000<=$AJ$3)*('Data - HSQE Events'!R$6:R$3000="Major")),0)>0,"YES","NO") -> NO | N4: =IFERROR(SUMPRODUCT(('Data - Skillko'!B$6:B$3000=B4)*('Data - Skillko'!C$6:C$3000="Total")*('Data - Skillko'!E$6:E$3000))*100,0) -> 80 | O4: =ROUND(MAX(1,MIN(5,1+N4/100*4)),1) -> 4.2 | P4: =IFERROR(SUMPRODUCT(ISNUMBER(SEARCH(B4,'Pole Results'!$A$13:$A$2000))*('Pole Results'!$B$13:$B$2000>=$AG$3)*('Pole Results'!$B$13:$B$2000<=$AE$3)*('Pole Results'!$E$13:$E$2000="Non-Compliant")),0) -> 0 | Q4: =IF(I4=0,1,IFERROR(ROUND(MAX(1,MIN(5,1+J4/I4*4)),1),3)) -> 1 | R4: =ROUND(6-MAX(MIN(5,K4*0.8+1),MIN(5,L4*2+1)),1) -> 5 | S4: =IFERROR(ROUND(MAX(1,MIN(5,5-(P4/MAX(1,AI4))*4)),1),5) -> 5 | T4: =IF('Field Teams'!$I$5="Inactive","",ROUND((Q4*Settings!$D$6+R4*Settings!$D$7+O4*Settings!$D$10+S4*Settings!$D$12+AO4*Settings!$D$13)/Settings!$D$14,1)) -> 3 | U4: =IF('Field Teams'!$I$5="Inactive","",IF(Q4="","",IF(Q4>=4.5,"★★★★★",IF(Q4>=3.5,"★★★★☆",IF(Q4>=2.5,"★★★☆☆",IF(Q4>=1.5,"★★☆☆☆","★☆☆☆☆")))))) -> ★☆☆☆☆ | V4: =IF('Field Teams'!$I$5="Inactive","",IF(R4="","",IF(R4>=4.5,"★★★★★",IF(R4>=3.5,"★★★★☆",IF(R4>=2.5,"★★★☆☆",IF(R4>=1.5,"★★☆☆☆","★☆☆☆☆")))))) -> ★★★★★ | W4: =IF('Field Teams'!$I$5="Inactive","",IF(O4="","",IF(O4>=4.5,"★★★★★",IF(O4>=3.5,"★★★★☆",IF(O4>=2.5,"★★★☆☆",IF(O4>=1.5,"★★☆☆☆","★☆☆☆☆")))))) -> ★★★★☆ | X4: =IF('Field Teams'!$I$5="Inactive","",IF(S4="","",IF(S4>=4.5,"★★★★★",IF(S4>=3.5,"★★★★☆",IF(S4>=2.5,"★★★☆☆",IF(S4>=1.5,"★★☆☆☆","★☆☆☆☆")))))) -> ★★★★★ | Y4: =IF('Field Teams'!$I$5="Inactive","",IF(AO4="","",IF(AO4>=4.5,"★★★★★",IF(AO4>=3.5,"★★★★☆",IF(AO4>=2.5,"★★★☆☆",IF(AO4>=1.5,"★★☆☆☆","★☆☆☆☆")))))) -> ★★★☆☆ | Z4: =IF('Field Teams'!$I$5="Inactive","",IF(T4="","",IF(T4>=4.5,"★★★★★",IF(T4>=3.5,"★★★★☆",IF(T4>=2.5,"★★★☆☆",IF(T4>=1.5,"★★☆☆☆","★☆☆☆☆")))))) -> ★★★☆☆ | AA4: =IF('Field Teams'!$I$5="Inactive","",IF(M4="YES","HIGH",IF(Q4<=Settings!$D$26,"HIGH",IF(T4<=Settings!$D$23,"HIGH",IF(T4<=Settings!$D$24,"MEDIUM","LOW"))))) -> HIGH | AB4: =IF('Field Teams'!$I$5="Inactive",-1,IFERROR((6-T4)+(77-ROW())*0.0001,0)) -> 3.0073 | AC4: =IF('Field Teams'!$I$5="Inactive",999,IFERROR((6-T4)+(ROW()-3)*0.0001,99)) -> 3.0001 | AD4: =IF('Field Teams'!$I$5="Inactive",999,IFERROR(AB4+(ROW()-3)*0.0001,99)) -> 3.0074 | AE4: 0 | AF4: =IF('Field Teams'!$I$5="Inactive","",IF(AA4="HIGH","YES - within 5 working days","")) -> YES - within 5 working days | AH4: =IFERROR(SUMPRODUCT(ISNUMBER(SEARCH(B4,'Pole Results'!$A$13:$A$2000))*('Pole Results'!$B$13:$B$2000>=$AG$3)*('Pole Results'!$B$13:$B$2000<=$AE$3)),0) -> 0 | AI4: =IFERROR(SUMPRODUCT(ISNUMBER(SEARCH(B4,'Pole Results'!$A$13:$A$2000))*('Pole Results'!$B$13:$B$2000>=$AG$3)*('Pole Results'!$B$13:$B$2000<=$AE$3)*('Pole Results'!$E$13:$E$2000="Compliant")),0) -> 0 | AK4: =IF('Field Teams'!$I$5="Inactive",-1,IF(AA4="HIGH",AB4,-1)) -> 3.0073 | AL4: =IF('Field Teams'!$I$5="Inactive",-1,IF(OR(AA4="HIGH",AA4="MEDIUM"),AB4,-1)) -> 3.0073 | AM4: =IF('Field Teams'!$I$5="Inactive","",IF(IFERROR(LOOKUP(2,1/('Historical Scores'!C5:N5<>""),'Historical Scores'!C5:N5),"")="","New",IF(T4=""," ",IF(T4>IFERROR(LOOKUP(2,1/('Historical Scores'!C5:N5<>""),'Historical Scores'!C5:N5),""),"▲ Worsening",IF(T4<IFERROR(LOOKUP(2,1/('Historical Scores'!C5:N5<>""),'Historical Scores'!C5:N5),""),"▼ Improving","► Stable"))))) -> New | AN4: =IFERROR(SUMPRODUCT((ISNUMBER(SEARCH(B4,'Data - SSV'!AE$6:AE$3000)))*('Data - SSV'!AF$6:AF$3000>=(AJ$3-90))*('Data - SSV'!AF$6:AF$3000<=AJ$3)*('Data - SSV'!AH$6:AH$3000<>"")),0) -> 0 | AO4: =IF('Field Teams'!$I$5="Inactive","",IF(AN4=0,3,IF(AN4=1,IF(IFERROR(SUMPRODUCT((ISNUMBER(SEARCH(B4,'Data - SSV'!AE$6:AE$3000)))*('Data - SSV'!AF$6:AF$3000>=(AJ$3-90))*('Data - SSV'!AF$6:AF$3000<=AJ$3)*('Data - SSV'!AH$6:AH$3000<>"")*IF('Data - SSV'!AH$6:AH$3000="",0,'Data - SSV'!AH$6:AH$3000))/AN4,3)=4,4,IF(IFERROR(SUMPRODUCT((ISNUMBER(SEARCH(B4,'Data - SSV'!AE$6:AE$3000)))*('Data - SSV'!AF$6:AF$3000>=(AJ$3-90))*('Data - SSV'!AF$6:AF$3000<=AJ$3)*('Data - SSV'!AH$6:AH$3000<>"")*IF('Data - SSV'!AH$6:AH$3000="",0,'Data - SSV'!AH$6:AH$3000))/AN4,3)>=3,3,IF(IFERROR(SUMPRODUCT((ISNUMBER(SEARCH(B4,'Data - SSV'!AE$6:AE$3000)))*('Data - SSV'!AF$6:AF$3000>=(AJ$3-90))*('Data - SSV'!AF$6:AF$3000<=AJ$3)*('Data - SSV'!AH$6:AH$3000<>"")*IF('Data - SSV'!AH$6:AH$3000="",0,'Data - SSV'!AH$6:AH$3000))/AN4,3)>=2,2,1))),IF(IFERROR(SUMPRODUCT((ISNUMBER(SEARCH(B4,'Data - SSV'!AE$6:AE$3000)))*('Data - SSV'!AF$6:AF$3000>=(AJ$3-90))*('Data - SSV'!AF$6:AF$3000<=AJ$3)*('Data - SSV'!AH$6:AH$3000<>"")*IF('Data - SSV'!AH$6:AH$3000="",0,'Data - SSV'!AH$6:AH$3000))/AN4,3)=4,5,IF(IFERROR(SUMPRODUCT((ISNUMBER(SEARCH(B4,'Data - SSV'!AE$6:AE$3000)))*('Data - SSV'!AF$6:AF$3000>=(AJ$3-90))*('Data - SSV'!AF$6:AF$3000<=AJ$3)*('Data - SSV'!AH$6:AH$3000<>"")*IF('Data - SSV'!AH$6:AH$3000="",0,'Data - SSV'!AH$6:AH$3000))/AN4,3)>=3.5,4,IF(IFERROR(SUMPRODUCT((ISNUMBER(SEARCH(B4,'Data - SSV'!AE$6:AE$3000)))*('Data - SSV'!AF$6:AF$3000>=(AJ$3-90))*('Data - SSV'!AF$6:AF$3000<=AJ$3)*('Data - SSV'!AH$6:AH$3000<>"")*IF('Data - SSV'!AH$6:AH$3000="",0,'Data - SSV'!AH$6:AH$3000))/AN4,3)>=3,3,IF(IFERROR(SUMPRODUCT((ISNUMBER(SEARCH(B4,'Data - SSV'!AE$6:AE$3000)))*('Data - SSV'!AF$6:AF$3000>=(AJ$3-90))*('Data - SSV'!AF$6:AF$3000<=AJ$3)*('Data - SSV'!AH$6:AH$3000<>"")*IF('Data - SSV'!AH$6:AH$3000="",0,'Data - SSV'!AH$6:AH$3000))/AN4,3)>=2,2,1))))))) -> 3
A5: ='Field Teams'!A6 -> FT-002 | B5: ='Field Teams'!B6 -> WRS Tree Services Ltd | C5: ='Field Teams'!C6 -> Utility Arboriculture | D5: ='Field Teams'!D6 -> David Damm | E5: ='Field Teams'!E6 -> Mike Jackson | F5: ='Field Teams'!F6 -> 0 | G5: ='Field Teams'!G6 -> 0 | H5: ='Field Teams'!H6 -> 3 | I5: =H5*2 -> 6 | J5: =IFERROR(SUMPRODUCT((((ISNUMBER(SEARCH(B5,'Data - HSQE Events'!V$6:V$3000))+ISNUMBER(SEARCH(B5,'Data - HSQE Events'!H$6:H$3000)))>0))*('Data - HSQE Events'!F$6:F$3000>=$AG$3)*('Data - HSQE Events'!F$6:F$3000<=$AJ$3)*('Data - HSQE Events'!R$6:R$3000="Opportunity")),0) -> 0 | K5: =IFERROR(SUMPRODUCT((((ISNUMBER(SEARCH(B5,'Data - HSQE Events'!V$6:V$3000))+ISNUMBER(SEARCH(B5,'Data - HSQE Events'!H$6:H$3000)))>0))*('Data - HSQE Events'!F$6:F$3000>=$AG$3)*('Data - HSQE Events'!F$6:F$3000<=$AJ$3)*('Data - HSQE Events'!R$6:R$3000="Minor")),0) -> 0 | L5: =IFERROR(SUMPRODUCT((((ISNUMBER(SEARCH(B5,'Data - HSQE Events'!V$6:V$3000))+ISNUMBER(SEARCH(B5,'Data - HSQE Events'!H$6:H$3000)))>0))*('Data - HSQE Events'!F$6:F$3000>=$AG$3)*('Data - HSQE Events'!F$6:F$3000<=$AJ$3)*(('Data - HSQE Events'!R$6:R$3000="Moderate")+('Data - HSQE Events'!R$6:R$3000="Major"))),0) -> 0 | M5: =IF(IFERROR(SUMPRODUCT((((ISNUMBER(SEARCH(B5,'Data - HSQE Events'!V$6:V$3000))+ISNUMBER(SEARCH(B5,'Data - HSQE Events'!H$6:H$3000)))>0))*('Data - HSQE Events'!F$6:F$3000>=$AG$3)*('Data - HSQE Events'!F$6:F$3000<=$AJ$3)*('Data - HSQE Events'!R$6:R$3000="Major")),0)>0,"YES","NO") -> NO | N5: =IFERROR(SUMPRODUCT(('Data - Skillko'!B$6:B$3000=B5)*('Data - Skillko'!C$6:C$3000="Total")*('Data - Skillko'!E$6:E$3000))*100,0) -> 93 | O5: =ROUND(MAX(1,MIN(5,1+N5/100*4)),1) -> 4.7 | P5: =IFERROR(SUMPRODUCT(ISNUMBER(SEARCH(B5,'Pole Results'!$A$13:$A$2000))*('Pole Results'!$B$13:$B$2000>=$AG$3)*('Pole Results'!$B$13:$B$2000<=$AE$3)*('Pole Results'!$E$13:$E$2000="Non-Compliant")),0) -> 0 | Q5: =IF(I5=0,1,IFERROR(ROUND(MAX(1,MIN(5,1+J5/I5*4)),1),3)) -> 1 | R5: =ROUND(6-MAX(MIN(5,K5*0.8+1),MIN(5,L5*2+1)),1) -> 5 | S5: =IFERROR(ROUND(MAX(1,MIN(5,5-(P5/MAX(1,AI5))*4)),1),5) -> 5 | T5: =IF('Field Teams'!$I$6="Inactive","",ROUND((Q5*Settings!$D$6+R5*Settings!$D$7+O5*Settings!$D$10+S5*Settings!$D$12+AO5*Settings!$D$13)/Settings!$D$14,1)) -> 3.1 | U5: =IF('Field Teams'!$I$6="Inactive","",IF(Q5="","",IF(Q5>=4.5,"★★★★★",IF(Q5>=3.5,"★★★★☆",IF(Q5>=2.5,"★★★☆☆",IF(Q5>=1.5,"★★☆☆☆","★☆☆☆☆")))))) -> ★☆☆☆☆ | V5: =IF('Field Teams'!$I$6="Inactive","",IF(R5="","",IF(R5>=4.5,"★★★★★",IF(R5>=3.5,"★★★★☆",IF(R5>=2.5,"★★★☆☆",IF(R5>=1.5,"★★☆☆☆","★☆☆☆☆")))))) -> ★★★★★ | W5: =IF('Field Teams'!$I$6="Inactive","",IF(O5="","",IF(O5>=4.5,"★★★★★",IF(O5>=3.5,"★★★★☆",IF(O5>=2.5,"★★★☆☆",IF(O5>=1.5,"★★☆☆☆","★☆☆☆☆")))))) -> ★★★★★ | X5: =IF('Field Teams'!$I$6="Inactive","",IF(S5="","",IF(S5>=4.5,"★★★★★",IF(S5>=3.5,"★★★★☆",IF(S5>=2.5,"★★★☆☆",IF(S5>=1.5,"★★☆☆☆","★☆☆☆☆")))))) -> ★★★★★ | Y5: =IF('Field Teams'!$I$6="Inactive","",IF(AO5="","",IF(AO5>=4.5,"★★★★★",IF(AO5>=3.5,"★★★★☆",IF(AO5>=2.5,"★★★☆☆",IF(AO5>=1.5,"★★☆☆☆","★☆☆☆☆")))))) -> ★★★☆☆ | Z5: =IF('Field Teams'!$I$5="Inactive","",IF(T5="","",IF(T5>=4.5,"★★★★★",IF(T5>=3.5,"★★★★☆",IF(T5>=2.5,"★★★☆☆",IF(T5>=1.5,"★★☆☆☆","★☆☆☆☆")))))) -> ★★★☆☆ | AA5: =IF('Field Teams'!$I$6="Inactive","",IF(M5="YES","HIGH",IF(Q5<=Settings!$D$26,"HIGH",IF(T5<=Settings!$D$23,"HIGH",IF(T5<=Settings!$D$24,"MEDIUM","LOW"))))) -> HIGH | AB5: =IF('Field Teams'!$I$5="Inactive",-1,IFERROR((6-T5)+(77-ROW())*0.0001,0)) -> 2.9072 | AC5: =IF('Field Teams'!$I$5="Inactive",999,IFERROR((6-T5)+(ROW()-3)*0.0001,99)) -> 2.9002 | AD5: =IF('Field Teams'!$I$6="Inactive",999,IFERROR(AB5+(ROW()-3)*0.0001,99)) -> 2.9074 | AE5: 0 | AF5: =IF('Field Teams'!$I$6="Inactive","",IF(AA5="HIGH","YES - within 5 working days","")) -> YES - within 5 working days | AH5: =IFERROR(SUMPRODUCT(ISNUMBER(SEARCH(B5,'Pole Results'!$A$13:$A$2000))*('Pole Results'!$B$13:$B$2000>=$AG$3)*('Pole Results'!$B$13:$B$2000<=$AE$3)),0) -> 0 | AI5: =IFERROR(SUMPRODUCT(ISNUMBER(SEARCH(B5,'Pole Results'!$A$13:$A$2000))*('Pole Results'!$B$13:$B$2000>=$AG$3)*('Pole Results'!$B$13:$B$2000<=$AE$3)*('Pole Results'!$E$13:$E$2000="Compliant")),0) -> 0 | AK5: =IF('Field Teams'!$I$6="Inactive",-1,IF(AA5="HIGH",AB5,-1)) -> 2.9072 | AL5: =IF('Field Teams'!$I$6="Inactive",-1,IF(OR(AA5="HIGH",AA5="MEDIUM"),AB5,-1)) -> 2.9072 | AM5: =IF('Field Teams'!$I$6="Inactive","",IF(IFERROR(LOOKUP(2,1/('Historical Scores'!C6:N6<>""),'Historical Scores'!C6:N6),"")="","New",IF(T5=""," ",IF(T5>IFERROR(LOOKUP(2,1/('Historical Scores'!C6:N6<>""),'Historical Scores'!C6:N6),""),"▲ Worsening",IF(T5<IFERROR(LOOKUP(2,1/('Historical Scores'!C6:N6<>""),'Historical Scores'!C6:N6),""),"▼ Improving","► Stable"))))) -> New | AN5: =IFERROR(SUMPRODUCT((ISNUMBER(SEARCH(B5,'Data - SSV'!AE$6:AE$3000)))*('Data - SSV'!AF$6:AF$3000>=(AJ$3-90))*('Data - SSV'!AF$6:AF$3000<=AJ$3)*('Data - SSV'!AH$6:AH$3000<>"")),0) -> 0 | AO5: =IF('Field Teams'!$I$6="Inactive","",IF(AN5=0,3,IF(AN5=1,IF(IFERROR(SUMPRODUCT((ISNUMBER(SEARCH(B5,'Data - SSV'!AE$6:AE$3000)))*('Data - SSV'!AF$6:AF$3000>=(AJ$3-90))*('Data - SSV'!AF$6:AF$3000<=AJ$3)*('Data - SSV'!AH$6:AH$3000<>"")*IF('Data - SSV'!AH$6:AH$3000="",0,'Data - SSV'!AH$6:AH$3000))/AN5,3)=4,4,IF(IFERROR(SUMPRODUCT((ISNUMBER(SEARCH(B5,'Data - SSV'!AE$6:AE$3000)))*('Data - SSV'!AF$6:AF$3000>=(AJ$3-90))*('Data - SSV'!AF$6:AF$3000<=AJ$3)*('Data - SSV'!AH$6:AH$3000<>"")*IF('Data - SSV'!AH$6:AH$3000="",0,'Data - SSV'!AH$6:AH$3000))/AN5,3)>=3,3,IF(IFERROR(SUMPRODUCT((ISNUMBER(SEARCH(B5,'Data - SSV'!AE$6:AE$3000)))*('Data - SSV'!AF$6:AF$3000>=(AJ$3-90))*('Data - SSV'!AF$6:AF$3000<=AJ$3)*('Data - SSV'!AH$6:AH$3000<>"")*IF('Data - SSV'!AH$6:AH$3000="",0,'Data - SSV'!AH$6:AH$3000))/AN5,3)>=2,2,1))),IF(IFERROR(SUMPRODUCT((ISNUMBER(SEARCH(B5,'Data - SSV'!AE$6:AE$3000)))*('Data - SSV'!AF$6:AF$3000>=(AJ$3-90))*('Data - SSV'!AF$6:AF$3000<=AJ$3)*('Data - SSV'!AH$6:AH$3000<>"")*IF('Data - SSV'!AH$6:AH$3000="",0,'Data - SSV'!AH$6:AH$3000))/AN5,3)=4,5,IF(IFERROR(SUMPRODUCT((ISNUMBER(SEARCH(B5,'Data - SSV'!AE$6:AE$3000)))*('Data - SSV'!AF$6:AF$3000>=(AJ$3-90))*('Data - SSV'!AF$6:AF$3000<=AJ$3)*('Data - SSV'!AH$6:AH$3000<>"")*IF('Data - SSV'!AH$6:AH$3000="",0,'Data - SSV'!AH$6:AH$3000))/AN5,3)>=3.5,4,IF(IFERROR(SUMPRODUCT((ISNUMBER(SEARCH(B5,'Data - SSV'!AE$6:AE$3000)))*('Data - SSV'!AF$6:AF$3000>=(AJ$3-90))*('Data - SSV'!AF$6:AF$3000<=AJ$3)*('Data - SSV'!AH$6:AH$3000<>"")*IF('Data - SSV'!AH$6:AH$3000="",0,'Data - SSV'!AH$6:AH$3000))/AN5,3)>=3,3,IF(IFERROR(SUMPRODUCT((ISNUMBER(SEARCH(B5,'Data - SSV'!AE$6:AE$3000)))*('Data - SSV'!AF$6:AF$3000>=(AJ$3-90))*('Data - SSV'!AF$6:AF$3000<=AJ$3)*('Data - SSV'!AH$6:AH$3000<>"")*IF('Data - SSV'!AH$6:AH$3000="",0,'Data - SSV'!AH$6:AH$3000))/AN5,3)>=2,2,1))))))) -> 3
A6: ='Field Teams'!A7 -> FT-003 | B6: ='Field Teams'!B7 -> Ashdown Tree Limited | C6: ='Field Teams'!C7 -> Utility Arboriculture | D6: ='Field Teams'!D7 -> Donovan Gosher | E6: ='Field Teams'!E7 -> Barry Bright | F6: ='Field Teams'!F7 -> 0 | G6: ='Field Teams'!G7 -> 0 | H6: ='Field Teams'!H7 -> 6 | I6: =H6*2 -> 12 | J6: =IFERROR(SUMPRODUCT((((ISNUMBER(SEARCH(B6,'Data - HSQE Events'!V$6:V$3000))+ISNUMBER(SEARCH(B6,'Data - HSQE Events'!H$6:H$3000)))>0))*('Data - HSQE Events'!F$6:F$3000>=$AG$3)*('Data - HSQE Events'!F$6:F$3000<=$AJ$3)*('Data - HSQE Events'!R$6:R$3000="Opportunity")),0) -> 0 | K6: =IFERROR(SUMPRODUCT((((ISNUMBER(SEARCH(B6,'Data - HSQE Events'!V$6:V$3000))+ISNUMBER(SEARCH(B6,'Data - HSQE Events'!H$6:H$3000)))>0))*('Data - HSQE Events'!F$6:F$3000>=$AG$3)*('Data - HSQE Events'!F$6:F$3000<=$AJ$3)*('Data - HSQE Events'!R$6:R$3000="Minor")),0) -> 0 | L6: =IFERROR(SUMPRODUCT((((ISNUMBER(SEARCH(B6,'Data - HSQE Events'!V$6:V$3000))+ISNUMBER(SEARCH(B6,'Data - HSQE Events'!H$6:H$3000)))>0))*('Data - HSQE Events'!F$6:F$3000>=$AG$3)*('Data - HSQE Events'!F$6:F$3000<=$AJ$3)*(('Data - HSQE Events'!R$6:R$3000="Moderate")+('Data - HSQE Events'!R$6:R$3000="Major"))),0) -> 0 | M6: =IF(IFERROR(SUMPRODUCT((((ISNUMBER(SEARCH(B6,'Data - HSQE Events'!V$6:V$3000))+ISNUMBER(SEARCH(B6,'Data - HSQE Events'!H$6:H$3000)))>0))*('Data - HSQE Events'!F$6:F$3000>=$AG$3)*('Data - HSQE Events'!F$6:F$3000<=$AJ$3)*('Data - HSQE Events'!R$6:R$3000="Major")),0)>0,"YES","NO") -> NO | N6: =IFERROR(SUMPRODUCT(('Data - Skillko'!B$6:B$3000=B6)*('Data - Skillko'!C$6:C$3000="Total")*('Data - Skillko'!E$6:E$3000))*100,0) -> 70 | O6: =ROUND(MAX(1,MIN(5,1+N6/100*4)),1) -> 3.8 | P6: =IFERROR(SUMPRODUCT(ISNUMBER(SEARCH(B6,'Pole Results'!$A$13:$A$2000))*('Pole Results'!$B$13:$B$2000>=$AG$3)*('Pole Results'!$B$13:$B$2000<=$AE$3)*('Pole Results'!$E$13:$E$2000="Non-Compliant")),0) -> 0 | Q6: =IF(I6=0,1,IFERROR(ROUND(MAX(1,MIN(5,1+J6/I6*4)),1),3)) -> 1 | R6: =ROUND(6-MAX(MIN(5,K6*0.8+1),MIN(5,L6*2+1)),1) -> 5 | S6: =IFERROR(ROUND(MAX(1,MIN(5,5-(P6/MAX(1,AI6))*4)),1),5) -> 5 | T6: =IF('Field Teams'!$I$7="Inactive","",ROUND((Q6*Settings!$D$6+R6*Settings!$D$7+O6*Settings!$D$10+S6*Settings!$D$12+AO6*Settings!$D$13)/Settings!$D$14,1)) -> 2.9 | U6: =IF('Field Teams'!$I$7="Inactive","",IF(Q6="","",IF(Q6>=4.5,"★★★★★",IF(Q6>=3.5,"★★★★☆",IF(Q6>=2.5,"★★★☆☆",IF(Q6>=1.5,"★★☆☆☆","★☆☆☆☆")))))) -> ★☆☆☆☆ | V6: =IF('Field Teams'!$I$7="Inactive","",IF(R6="","",IF(R6>=4.5,"★★★★★",IF(R6>=3.5,"★★★★☆",IF(R6>=2.5,"★★★☆☆",IF(R6>=1.5,"★★☆☆☆","★☆☆☆☆")))))) -> ★★★★★ | W6: =IF('Field Teams'!$I$7="Inactive","",IF(O6="","",IF(O6>=4.5,"★★★★★",IF(O6>=3.5,"★★★★☆",IF(O6>=2.5,"★★★☆☆",IF(O6>=1.5,"★★☆☆☆","★☆☆☆☆")))))) -> ★★★★☆ | X6: =IF('Field Teams'!$I$7="Inactive","",IF(S6="","",IF(S6>=4.5,"★★★★★",IF(S6>=3.5,"★★★★☆",IF(S6>=2.5,"★★★☆☆",IF(S6>=1.5,"★★☆☆☆","★☆☆☆☆")))))) -> ★★★★★ | Y6: =IF('Field Teams'!$I$7="Inactive","",IF(AO6="","",IF(AO6>=4.5,"★★★★★",IF(AO6>=3.5,"★★★★☆",IF(AO6>=2.5,"★★★☆☆",IF(AO6>=1.5,"★★☆☆☆","★☆☆☆☆")))))) -> ★★★☆☆ | Z6: =IF('Field Teams'!$I$5="Inactive","",IF(T6="","",IF(T6>=4.5,"★★★★★",IF(T6>=3.5,"★★★★☆",IF(T6>=2.5,"★★★☆☆",IF(T6>=1.5,"★★☆☆☆","★☆☆☆☆")))))) -> ★★★☆☆ | AA6: =IF('Field Teams'!$I$7="Inactive","",IF(M6="YES","HIGH",IF(Q6<=Settings!$D$26,"HIGH",IF(T6<=Settings!$D$23,"HIGH",IF(T6<=Settings!$D$24,"MEDIUM","LOW"))))) -> HIGH | AB6: =IF('Field Teams'!$I$5="Inactive",-1,IFERROR((6-T6)+(77-ROW())*0.0001,0)) -> 3.1071 | AC6: =IF('Field Teams'!$I$5="Inactive",999,IFERROR((6-T6)+(ROW()-3)*0.0001,99)) -> 3.1003 | AD6: =IF('Field Teams'!$I$7="Inactive",999,IFERROR(AB6+(ROW()-3)*0.0001,99)) -> 3.1074 | AE6: 0 | AF6: =IF('Field Teams'!$I$7="Inactive","",IF(AA6="HIGH","YES - within 5 working days","")) -> YES - within 5 working days | AH6: =IFERROR(SUMPRODUCT(ISNUMBER(SEARCH(B6,'Pole Results'!$A$13:$A$2000))*('Pole Results'!$B$13:$B$2000>=$AG$3)*('Pole Results'!$B$13:$B$2000<=$AE$3)),0) -> 0 | AI6: =IFERROR(SUMPRODUCT(ISNUMBER(SEARCH(B6,'Pole Results'!$A$13:$A$2000))*('Pole Results'!$B$13:$B$2000>=$AG$3)*('Pole Results'!$B$13:$B$2000<=$AE$3)*('Pole Results'!$E$13:$E$2000="Compliant")),0) -> 0 | AK6: =IF('Field Teams'!$I$7="Inactive",-1,IF(AA6="HIGH",AB6,-1)) -> 3.1071 | AL6: =IF('Field Teams'!$I$7="Inactive",-1,IF(OR(AA6="HIGH",AA6="MEDIUM"),AB6,-1)) -> 3.1071 | AM6: =IF('Field Teams'!$I$7="Inactive","",IF(IFERROR(LOOKUP(2,1/('Historical Scores'!C7:N7<>""),'Historical Scores'!C7:N7),"")="","New",IF(T6=""," ",IF(T6>IFERROR(LOOKUP(2,1/('Historical Scores'!C7:N7<>""),'Historical Scores'!C7:N7),""),"▲ Worsening",IF(T6<IFERROR(LOOKUP(2,1/('Historical Scores'!C7:N7<>""),'Historical Scores'!C7:N7),""),"▼ Improving","► Stable"))))) -> New | AN6: =IFERROR(SUMPRODUCT((ISNUMBER(SEARCH(B6,'Data - SSV'!AE$6:AE$3000)))*('Data - SSV'!AF$6:AF$3000>=(AJ$3-90))*('Data - SSV'!AF$6:AF$3000<=AJ$3)*('Data - SSV'!AH$6:AH$3000<>"")),0) -> 0 | AO6: =IF('Field Teams'!$I$7="Inactive","",IF(AN6=0,3,IF(AN6=1,IF(IFERROR(SUMPRODUCT((ISNUMBER(SEARCH(B6,'Data - SSV'!AE$6:AE$3000)))*('Data - SSV'!AF$6:AF$3000>=(AJ$3-90))*('Data - SSV'!AF$6:AF$3000<=AJ$3)*('Data - SSV'!AH$6:AH$3000<>"")*IF('Data - SSV'!AH$6:AH$3000="",0,'Data - SSV'!AH$6:AH$3000))/AN6,3)=4,4,IF(IFERROR(SUMPRODUCT((ISNUMBER(SEARCH(B6,'Data - SSV'!AE$6:AE$3000)))*('Data - SSV'!AF$6:AF$3000>=(AJ$3-90))*('Data - SSV'!AF$6:AF$3000<=AJ$3)*('Data - SSV'!AH$6:AH$3000<>"")*IF('Data - SSV'!AH$6:AH$3000="",0,'Data - SSV'!AH$6:AH$3000))/AN6,3)>=3,3,IF(IFERROR(SUMPRODUCT((ISNUMBER(SEARCH(B6,'Data - SSV'!AE$6:AE$3000)))*('Data - SSV'!AF$6:AF$3000>=(AJ$3-90))*('Data - SSV'!AF$6:AF$3000<=AJ$3)*('Data - SSV'!AH$6:AH$3000<>"")*IF('Data - SSV'!AH$6:AH$3000="",0,'Data - SSV'!AH$6:AH$3000))/AN6,3)>=2,2,1))),IF(IFERROR(SUMPRODUCT((ISNUMBER(SEARCH(B6,'Data - SSV'!AE$6:AE$3000)))*('Data - SSV'!AF$6:AF$3000>=(AJ$3-90))*('Data - SSV'!AF$6:AF$3000<=AJ$3)*('Data - SSV'!AH$6:AH$3000<>"")*IF('Data - SSV'!AH$6:AH$3000="",0,'Data - SSV'!AH$6:AH$3000))/AN6,3)=4,5,IF(IFERROR(SUMPRODUCT((ISNUMBER(SEARCH(B6,'Data - SSV'!AE$6:AE$3000)))*('Data - SSV'!AF$6:AF$3000>=(AJ$3-90))*('Data - SSV'!AF$6:AF$3000<=AJ$3)*('Data - SSV'!AH$6:AH$3000<>"")*IF('Data - SSV'!AH$6:AH$3000="",0,'Data - SSV'!AH$6:AH$3000))/AN6,3)>=3.5,4,IF(IFERROR(SUMPRODUCT((ISNUMBER(SEARCH(B6,'Data - SSV'!AE$6:AE$3000)))*('Data - SSV'!AF$6:AF$3000>=(AJ$3-90))*('Data - SSV'!AF$6:AF$3000<=AJ$3)*('Data - SSV'!AH$6:AH$3000<>"")*IF('Data - SSV'!AH$6:AH$3000="",0,'Data - SSV'!AH$6:AH$3000))/AN6,3)>=3,3,IF(IFERROR(SUMPRODUCT((ISNUMBER(SEARCH(B6,'Data - SSV'!AE$6:AE$3000)))*('Data - SSV'!AF$6:AF$3000>=(AJ$3-90))*('Data - SSV'!AF$6:AF$3000<=AJ$3)*('Data - SSV'!AH$6:AH$3000<>"")*IF('Data - SSV'!AH$6:AH$3000="",0,'Data - SSV'!AH$6:AH$3000))/AN6,3)>=2,2,1))))))) -> 3
A7: ='Field Teams'!A8 -> FT-004 | B7: ='Field Teams'!B8 -> Austin Tree Care LTD | C7: ='Field Teams'!C8 -> Utility Arboriculture | D7: ='Field Teams'!D8 -> Donovan Gosher | E7: ='Field Teams'!E8 -> Barry Bright | F7: ='Field Teams'!F8 -> 0 | G7: ='Field Teams'!G8 -> 0 | H7: ='Field Teams'!H8 -> 2 | I7: =H7*2 -> 4 | J7: =IFERROR(SUMPRODUCT((((ISNUMBER(SEARCH(B7,'Data - HSQE Events'!V$6:V$3000))+ISNUMBER(SEARCH(B7,'Data - HSQE Events'!H$6:H$3000)))>0))*('Data - HSQE Events'!F$6:F$3000>=$AG$3)*('Data - HSQE Events'!F$6:F$3000<=$AJ$3)*('Data - HSQE Events'!R$6:R$3000="Opportunity")),0) -> 0 | K7: =IFERROR(SUMPRODUCT((((ISNUMBER(SEARCH(B7,'Data - HSQE Events'!V$6:V$3000))+ISNUMBER(SEARCH(B7,'Data - HSQE Events'!H$6:H$3000)))>0))*('Data - HSQE Events'!F$6:F$3000>=$AG$3)*('Data - HSQE Events'!F$6:F$3000<=$AJ$3)*('Data - HSQE Events'!R$6:R$3000="Minor")),0) -> 0 | L7: =IFERROR(SUMPRODUCT((((ISNUMBER(SEARCH(B7,'Data - HSQE Events'!V$6:V$3000))+ISNUMBER(SEARCH(B7,'Data - HSQE Events'!H$6:H$3000)))>0))*('Data - HSQE Events'!F$6:F$3000>=$AG$3)*('Data - HSQE Events'!F$6:F$3000<=$AJ$3)*(('Data - HSQE Events'!R$6:R$3000="Moderate")+('Data - HSQE Events'!R$6:R$3000="Major"))),0) -> 0 | M7: =IF(IFERROR(SUMPRODUCT((((ISNUMBER(SEARCH(B7,'Data - HSQE Events'!V$6:V$3000))+ISNUMBER(SEARCH(B7,'Data - HSQE Events'!H$6:H$3000)))>0))*('Data - HSQE Events'!F$6:F$3000>=$AG$3)*('Data - HSQE Events'!F$6:F$3000<=$AJ$3)*('Data - HSQE Events'!R$6:R$3000="Major")),0)>0,"YES","NO") -> NO | N7: =IFERROR(SUMPRODUCT(('Data - Skillko'!B$6:B$3000=B7)*('Data - Skillko'!C$6:C$3000="Total")*('Data - Skillko'!E$6:E$3000))*100,0) -> 100 | O7: =ROUND(MAX(1,MIN(5,1+N7/100*4)),1) -> 5 | P7: =IFERROR(SUMPRODUCT(ISNUMBER(SEARCH(B7,'Pole Results'!$A$13:$A$2000))*('Pole Results'!$B$13:$B$2000>=$AG$3)*('Pole Results'!$B$13:$B$2000<=$AE$3)*('Pole Results'!$E$13:$E$2000="Non-Compliant")),0) -> 0 | Q7: =IF(I7=0,1,IFERROR(ROUND(MAX(1,MIN(5,1+J7/I7*4)),1),3)) -> 1 | R7: =ROUND(6-MAX(MIN(5,K7*0.8+1),MIN(5,L7*2+1)),1) -> 5 | S7: =IFERROR(ROUND(MAX(1,MIN(5,5-(P7/MAX(1,AI7))*4)),1),5) -> 5 | T7: =IF('Field Teams'!$I$8="Inactive","",ROUND((Q7*Settings!$D$6+R7*Settings!$D$7+O7*Settings!$D$10+S7*Settings!$D$12+AO7*Settings!$D$13)/Settings!$D$14,1)) -> 3.1 | U7: =IF('Field Teams'!$I$8="Inactive","",IF(Q7="","",IF(Q7>=4.5,"★★★★★",IF(Q7>=3.5,"★★★★☆",IF(Q7>=2.5,"★★★☆☆",IF(Q7>=1.5,"★★☆☆☆","★☆☆☆☆")))))) -> ★☆☆☆☆ | V7: =IF('Field Teams'!$I$8="Inactive","",IF(R7="","",IF(R7>=4.5,"★★★★★",IF(R7>=3.5,"★★★★☆",IF(R7>=2.5,"★★★☆☆",IF(R7>=1.5,"★★☆☆☆","★☆☆☆☆")))))) -> ★★★★★ | W7: =IF('Field Teams'!$I$8="Inactive","",IF(O7="","",IF(O7>=4.5,"★★★★★",IF(O7>=3.5,"★★★★☆",IF(O7>=2.5,"★★★☆☆",IF(O7>=1.5,"★★☆☆☆","★☆☆☆☆")))))) -> ★★★★★ | X7: =IF('Field Teams'!$I$8="Inactive","",IF(S7="","",IF(S7>=4.5,"★★★★★",IF(S7>=3.5,"★★★★☆",IF(S7>=2.5,"★★★☆☆",IF(S7>=1.5,"★★☆☆☆","★☆☆☆☆")))))) -> ★★★★★ | Y7: =IF('Field Teams'!$I$8="Inactive","",IF(AO7="","",IF(AO7>=4.5,"★★★★★",IF(AO7>=3.5,"★★★★☆",IF(AO7>=2.5,"★★★☆☆",IF(AO7>=1.5,"★★☆☆☆","★☆☆☆☆")))))) -> ★★★☆☆ | Z7: =IF('Field Teams'!$I$5="Inactive","",IF(T7="","",IF(T7>=4.5,"★★★★★",IF(T7>=3.5,"★★★★☆",IF(T7>=2.5,"★★★☆☆",IF(T7>=1.5,"★★☆☆☆","★☆☆☆☆")))))) -> ★★★☆☆ | AA7: =IF('Field Teams'!$I$8="Inactive","",IF(M7="YES","HIGH",IF(Q7<=Settings!$D$26,"HIGH",IF(T7<=Settings!$D$23,"HIGH",IF(T7<=Settings!$D$24,"MEDIUM","LOW"))))) -> HIGH | AB7: =IF('Field Teams'!$I$5="Inactive",-1,IFERROR((6-T7)+(77-ROW())*0.0001,0)) -> 2.907 | AC7: =IF('Field Teams'!$I$5="Inactive",999,IFERROR((6-T7)+(ROW()-3)*0.0001,99)) -> 2.9004 | AD7: =IF('Field Teams'!$I$8="Inactive",999,IFERROR(AB7+(ROW()-3)*0.0001,99)) -> 2.9074 | AE7: 0 | AF7: =IF('Field Teams'!$I$8="Inactive","",IF(AA7="HIGH","YES - within 5 working days","")) -> YES - within 5 working days | AH7: =IFERROR(SUMPRODUCT(ISNUMBER(SEARCH(B7,'Pole Results'!$A$13:$A$2000))*('Pole Results'!$B$13:$B$2000>=$AG$3)*('Pole Results'!$B$13:$B$2000<=$AE$3)),0) -> 0 | AI7: =IFERROR(SUMPRODUCT(ISNUMBER(SEARCH(B7,'Pole Results'!$A$13:$A$2000))*('Pole Results'!$B$13:$B$2000>=$AG$3)*('Pole Results'!$B$13:$B$2000<=$AE$3)*('Pole Results'!$E$13:$E$2000="Compliant")),0) -> 0 | AK7: =IF('Field Teams'!$I$8="Inactive",-1,IF(AA7="HIGH",AB7,-1)) -> 2.907 | AL7: =IF('Field Teams'!$I$8="Inactive",-1,IF(OR(AA7="HIGH",AA7="MEDIUM"),AB7,-1)) -> 2.907 | AM7: =IF('Field Teams'!$I$8="Inactive","",IF(IFERROR(LOOKUP(2,1/('Historical Scores'!C8:N8<>""),'Historical Scores'!C8:N8),"")="","New",IF(T7=""," ",IF(T7>IFERROR(LOOKUP(2,1/('Historical Scores'!C8:N8<>""),'Historical Scores'!C8:N8),""),"▲ Worsening",IF(T7<IFERROR(LOOKUP(2,1/('Historical Scores'!C8:N8<>""),'Historical Scores'!C8:N8),""),"▼ Improving","► Stable"))))) -> New | AN7: =IFERROR(SUMPRODUCT((ISNUMBER(SEARCH(B7,'Data - SSV'!AE$6:AE$3000)))*('Data - SSV'!AF$6:AF$3000>=(AJ$3-90))*('Data - SSV'!AF$6:AF$3000<=AJ$3)*('Data - SSV'!AH$6:AH$3000<>"")),0) -> 0 | AO7: =IF('Field Teams'!$I$8="Inactive","",IF(AN7=0,3,IF(AN7=1,IF(IFERROR(SUMPRODUCT((ISNUMBER(SEARCH(B7,'Data - SSV'!AE$6:AE$3000)))*('Data - SSV'!AF$6:AF$3000>=(AJ$3-90))*('Data - SSV'!AF$6:AF$3000<=AJ$3)*('Data - SSV'!AH$6:AH$3000<>"")*IF('Data - SSV'!AH$6:AH$3000="",0,'Data - SSV'!AH$6:AH$3000))/AN7,3)=4,4,IF(IFERROR(SUMPRODUCT((ISNUMBER(SEARCH(B7,'Data - SSV'!AE$6:AE$3000)))*('Data - SSV'!AF$6:AF$3000>=(AJ$3-90))*('Data - SSV'!AF$6:AF$3000<=AJ$3)*('Data - SSV'!AH$6:AH$3000<>"")*IF('Data - SSV'!AH$6:AH$3000="",0,'Data - SSV'!AH$6:AH$3000))/AN7,3)>=3,3,IF(IFERROR(SUMPRODUCT((ISNUMBER(SEARCH(B7,'Data - SSV'!AE$6:AE$3000)))*('Data - SSV'!AF$6:AF$3000>=(AJ$3-90))*('Data - SSV'!AF$6:AF$3000<=AJ$3)*('Data - SSV'!AH$6:AH$3000<>"")*IF('Data - SSV'!AH$6:AH$3000="",0,'Data - SSV'!AH$6:AH$3000))/AN7,3)>=2,2,1))),IF(IFERROR(SUMPRODUCT((ISNUMBER(SEARCH(B7,'Data - SSV'!AE$6:AE$3000)))*('Data - SSV'!AF$6:AF$3000>=(AJ$3-90))*('Data - SSV'!AF$6:AF$3000<=AJ$3)*('Data - SSV'!AH$6:AH$3000<>"")*IF('Data - SSV'!AH$6:AH$3000="",0,'Data - SSV'!AH$6:AH$3000))/AN7,3)=4,5,IF(IFERROR(SUMPRODUCT((ISNUMBER(SEARCH(B7,'Data - SSV'!AE$6:AE$3000)))*('Data - SSV'!AF$6:AF$3000>=(AJ$3-90))*('Data - SSV'!AF$6:AF$3000<=AJ$3)*('Data - SSV'!AH$6:AH$3000<>"")*IF('Data - SSV'!AH$6:AH$3000="",0,'Data - SSV'!AH$6:AH$3000))/AN7,3)>=3.5,4,IF(IFERROR(SUMPRODUCT((ISNUMBER(SEARCH(B7,'Data - SSV'!AE$6:AE$3000)))*('Data - SSV'!AF$6:AF$3000>=(AJ$3-90))*('Data - SSV'!AF$6:AF$3000<=AJ$3)*('Data - SSV'!AH$6:AH$3000<>"")*IF('Data - SSV'!AH$6:AH$3000="",0,'Data - SSV'!AH$6:AH$3000))/AN7,3)>=3,3,IF(IFERROR(SUMPRODUCT((ISNUMBER(SEARCH(B7,'Data - SSV'!AE$6:AE$3000)))*('Data - SSV'!AF$6:AF$3000>=(AJ$3-90))*('Data - SSV'!AF$6:AF$3000<=AJ$3)*('Data - SSV'!AH$6:AH$3000<>"")*IF('Data - SSV'!AH$6:AH$3000="",0,'Data - SSV'!AH$6:AH$3000))/AN7,3)>=2,2,1))))))) -> 3
A8: ='Field Teams'!A9 -> FT-005 | B8: ='Field Teams'!B9 -> D & R Landscapes | C8: ='Field Teams'!C9 -> Utility Arboriculture | D8: ='Field Teams'!D9 -> Donovan Gosher | E8: ='Field Teams'!E9 -> Barry Bright | F8: ='Field Teams'!F9 -> 0 | G8: ='Field Teams'!G9 -> 0 | H8: ='Field Teams'!H9 -> 6 | I8: =H8*2 -> 12 | J8: =IFERROR(SUMPRODUCT((((ISNUMBER(SEARCH(B8,'Data - HSQE Events'!V$6:V$3000))+ISNUMBER(SEARCH(B8,'Data - HSQE Events'!H$6:H$3000)))>0))*('Data - HSQE Events'!F$6:F$3000>=$AG$3)*('Data - HSQE Events'!F$6:F$3000<=$AJ$3)*('Data - HSQE Events'!R$6:R$3000="Opportunity")),0) -> 0 | K8: =IFERROR(SUMPRODUCT((((ISNUMBER(SEARCH(B8,'Data - HSQE Events'!V$6:V$3000))+ISNUMBER(SEARCH(B8,'Data - HSQE Events'!H$6:H$3000)))>0))*('Data - HSQE Events'!F$6:F$3000>=$AG$3)*('Data - HSQE Events'!F$6:F$3000<=$AJ$3)*('Data - HSQE Events'!R$6:R$3000="Minor")),0) -> 0 | L8: =IFERROR(SUMPRODUCT((((ISNUMBER(SEARCH(B8,'Data - HSQE Events'!V$6:V$3000))+ISNUMBER(SEARCH(B8,'Data - HSQE Events'!H$6:H$3000)))>0))*('Data - HSQE Events'!F$6:F$3000>=$AG$3)*('Data - HSQE Events'!F$6:F$3000<=$AJ$3)*(('Data - HSQE Events'!R$6:R$3000="Moderate")+('Data - HSQE Events'!R$6:R$3000="Major"))),0) -> 0 | M8: =IF(IFERROR(SUMPRODUCT((((ISNUMBER(SEARCH(B8,'Data - HSQE Events'!V$6:V$3000))+ISNUMBER(SEARCH(B8,'Data - HSQE Events'!H$6:H$3000)))>0))*('Data - HSQE Events'!F$6:F$3000>=$AG$3)*('Data - HSQE Events'!F$6:F$3000<=$AJ$3)*('Data - HSQE Events'!R$6:R$3000="Major")),0)>0,"YES","NO") -> NO | N8: =IFERROR(SUMPRODUCT(('Data - Skillko'!B$6:B$3000=B8)*('Data - Skillko'!C$6:C$3000="Total")*('Data - Skillko'!E$6:E$3000))*100,0) -> 79 | O8: =ROUND(MAX(1,MIN(5,1+N8/100*4)),1) -> 4.2 | P8: =IFERROR(SUMPRODUCT(ISNUMBER(SEARCH(B8,'Pole Results'!$A$13:$A$2000))*('Pole Results'!$B$13:$B$2000>=$AG$3)*('Pole Results'!$B$13:$B$2000<=$AE$3)*('Pole Results'!$E$13:$E$2000="Non-Compliant")),0) -> 0 | Q8: =IF(I8=0,1,IFERROR(ROUND(MAX(1,MIN(5,1+J8/I8*4)),1),3)) -> 1 | R8: =ROUND(6-MAX(MIN(5,K8*0.8+1),MIN(5,L8*2+1)),1) -> 5 | S8: =IFERROR(ROUND(MAX(1,MIN(5,5-(P8/MAX(1,AI8))*4)),1),5) -> 5 | T8: =IF('Field Teams'!$I$9="Inactive","",ROUND((Q8*Settings!$D$6+R8*Settings!$D$7+O8*Settings!$D$10+S8*Settings!$D$12+AO8*Settings!$D$13)/Settings!$D$14,1)) -> 3 | U8: =IF('Field Teams'!$I$9="Inactive","",IF(Q8="","",IF(Q8>=4.5,"★★★★★",IF(Q8>=3.5,"★★★★☆",IF(Q8>=2.5,"★★★☆☆",IF(Q8>=1.5,"★★☆☆☆","★☆☆☆☆")))))) -> ★☆☆☆☆ | V8: =IF('Field Teams'!$I$9="Inactive","",IF(R8="","",IF(R8>=4.5,"★★★★★",IF(R8>=3.5,"★★★★☆",IF(R8>=2.5,"★★★☆☆",IF(R8>=1.5,"★★☆☆☆","★☆☆☆☆")))))) -> ★★★★★ | W8: =IF('Field Teams'!$I$9="Inactive","",IF(O8="","",IF(O8>=4.5,"★★★★★",IF(O8>=3.5,"★★★★☆",IF(O8>=2.5,"★★★☆☆",IF(O8>=1.5,"★★☆☆☆","★☆☆☆☆")))))) -> ★★★★☆ | X8: =IF('Field Teams'!$I$9="Inactive","",IF(S8="","",IF(S8>=4.5,"★★★★★",IF(S8>=3.5,"★★★★☆",IF(S8>=2.5,"★★★☆☆",IF(S8>=1.5,"★★☆☆☆","★☆☆☆☆")))))) -> ★★★★★ | Y8: =IF('Field Teams'!$I$9="Inactive","",IF(AO8="","",IF(AO8>=4.5,"★★★★★",IF(AO8>=3.5,"★★★★☆",IF(AO8>=2.5,"★★★☆☆",IF(AO8>=1.5,"★★☆☆☆","★☆☆☆☆")))))) -> ★★★☆☆ | Z8: =IF('Field Teams'!$I$5="Inactive","",IF(T8="","",IF(T8>=4.5,"★★★★★",IF(T8>=3.5,"★★★★☆",IF(T8>=2.5,"★★★☆☆",IF(T8>=1.5,"★★☆☆☆","★☆☆☆☆")))))) -> ★★★☆☆ | AA8: =IF('Field Teams'!$I$9="Inactive","",IF(M8="YES","HIGH",IF(Q8<=Settings!$D$26,"HIGH",IF(T8<=Settings!$D$23,"HIGH",IF(T8<=Settings!$D$24,"MEDIUM","LOW"))))) -> HIGH | AB8: =IF('Field Teams'!$I$5="Inactive",-1,IFERROR((6-T8)+(77-ROW())*0.0001,0)) -> 3.0069 | AC8: =IF('Field Teams'!$I$5="Inactive",999,IFERROR((6-T8)+(ROW()-3)*0.0001,99)) -> 3.0005 | AD8: =IF('Field Teams'!$I$9="Inactive",999,IFERROR(AB8+(ROW()-3)*0.0001,99)) -> 3.0074 | AE8: 0 | AF8: =IF('Field Teams'!$I$9="Inactive","",IF(AA8="HIGH","YES - within 5 working days","")) -> YES - within 5 working days | AH8: =IFERROR(SUMPRODUCT(ISNUMBER(SEARCH(B8,'Pole Results'!$A$13:$A$2000))*('Pole Results'!$B$13:$B$2000>=$AG$3)*('Pole Results'!$B$13:$B$2000<=$AE$3)),0) -> 0 | AI8: =IFERROR(SUMPRODUCT(ISNUMBER(SEARCH(B8,'Pole Results'!$A$13:$A$2000))*('Pole Results'!$B$13:$B$2000>=$AG$3)*('Pole Results'!$B$13:$B$2000<=$AE$3)*('Pole Results'!$E$13:$E$2000="Compliant")),0) -> 0 | AK8: =IF('Field Teams'!$I$9="Inactive",-1,IF(AA8="HIGH",AB8,-1)) -> 3.0069 | AL8: =IF('Field Teams'!$I$9="Inactive",-1,IF(OR(AA8="HIGH",AA8="MEDIUM"),AB8,-1)) -> 3.0069 | AM8: =IF('Field Teams'!$I$9="Inactive","",IF(IFERROR(LOOKUP(2,1/('Historical Scores'!C9:N9<>""),'Historical Scores'!C9:N9),"")="","New",IF(T8=""," ",IF(T8>IFERROR(LOOKUP(2,1/('Historical Scores'!C9:N9<>""),'Historical Scores'!C9:N9),""),"▲ Worsening",IF(T8<IFERROR(LOOKUP(2,1/('Historical Scores'!C9:N9<>""),'Historical Scores'!C9:N9),""),"▼ Improving","► Stable"))))) -> New | AN8: =IFERROR(SUMPRODUCT((ISNUMBER(SEARCH(B8,'Data - SSV'!AE$6:AE$3000)))*('Data - SSV'!AF$6:AF$3000>=(AJ$3-90))*('Data - SSV'!AF$6:AF$3000<=AJ$3)*('Data - SSV'!AH$6:AH$3000<>"")),0) -> 0 | AO8: =IF('Field Teams'!$I$9="Inactive","",IF(AN8=0,3,IF(AN8=1,IF(IFERROR(SUMPRODUCT((ISNUMBER(SEARCH(B8,'Data - SSV'!AE$6:AE$3000)))*('Data - SSV'!AF$6:AF$3000>=(AJ$3-90))*('Data - SSV'!AF$6:AF$3000<=AJ$3)*('Data - SSV'!AH$6:AH$3000<>"")*IF('Data - SSV'!AH$6:AH$3000="",0,'Data - SSV'!AH$6:AH$3000))/AN8,3)=4,4,IF(IFERROR(SUMPRODUCT((ISNUMBER(SEARCH(B8,'Data - SSV'!AE$6:AE$3000)))*('Data - SSV'!AF$6:AF$3000>=(AJ$3-90))*('Data - SSV'!AF$6:AF$3000<=AJ$3)*('Data - SSV'!AH$6:AH$3000<>"")*IF('Data - SSV'!AH$6:AH$3000="",0,'Data - SSV'!AH$6:AH$3000))/AN8,3)>=3,3,IF(IFERROR(SUMPRODUCT((ISNUMBER(SEARCH(B8,'Data - SSV'!AE$6:AE$3000)))*('Data - SSV'!AF$6:AF$3000>=(AJ$3-90))*('Data - SSV'!AF$6:AF$3000<=AJ$3)*('Data - SSV'!AH$6:AH$3000<>"")*IF('Data - SSV'!AH$6:AH$3000="",0,'Data - SSV'!AH$6:AH$3000))/AN8,3)>=2,2,1))),IF(IFERROR(SUMPRODUCT((ISNUMBER(SEARCH(B8,'Data - SSV'!AE$6:AE$3000)))*('Data - SSV'!AF$6:AF$3000>=(AJ$3-90))*('Data - SSV'!AF$6:AF$3000<=AJ$3)*('Data - SSV'!AH$6:AH$3000<>"")*IF('Data - SSV'!AH$6:AH$3000="",0,'Data - SSV'!AH$6:AH$3000))/AN8,3)=4,5,IF(IFERROR(SUMPRODUCT((ISNUMBER(SEARCH(B8,'Data - SSV'!AE$6:AE$3000)))*('Data - SSV'!AF$6:AF$3000>=(AJ$3-90))*('Data - SSV'!AF$6:AF$3000<=AJ$3)*('Data - SSV'!AH$6:AH$3000<>"")*IF('Data - SSV'!AH$6:AH$3000="",0,'Data - SSV'!AH$6:AH$3000))/AN8,3)>=3.5,4,IF(IFERROR(SUMPRODUCT((ISNUMBER(SEARCH(B8,'Data - SSV'!AE$6:AE$3000)))*('Data - SSV'!AF$6:AF$3000>=(AJ$3-90))*('Data - SSV'!AF$6:AF$3000<=AJ$3)*('Data - SSV'!AH$6:AH$3000<>"")*IF('Data - SSV'!AH$6:AH$3000="",0,'Data - SSV'!AH$6:AH$3000))/AN8,3)>=3,3,IF(IFERROR(SUMPRODUCT((ISNUMBER(SEARCH(B8,'Data - SSV'!AE$6:AE$3000)))*('Data - SSV'!AF$6:AF$3000>=(AJ$3-90))*('Data - SSV'!AF$6:AF$3000<=AJ$3)*('Data - SSV'!AH$6:AH$3000<>"")*IF('Data - SSV'!AH$6:AH$3000="",0,'Data - SSV'!AH$6:AH$3000))/AN8,3)>=2,2,1))))))) -> 3
A9: ='Field Teams'!A10 -> FT-006 | B9: ='Field Teams'!B10 -> Eastwoodbury Tree Services Ltd | C9: ='Field Teams'!C10 -> Utility Arboriculture | D9: ='Field Teams'!D10 -> Donovan Gosher | E9: ='Field Teams'!E10 -> Barry Bright | F9: ='Field Teams'!F10 -> 0 | G9: ='Field Teams'!G10 -> 0 | H9: ='Field Teams'!H10 -> 6 | I9: =H9*2 -> 12 | J9: =IFERROR(SUMPRODUCT((((ISNUMBER(SEARCH(B9,'Data - HSQE Events'!V$6:V$3000))+ISNUMBER(SEARCH(B9,'Data - HSQE Events'!H$6:H$3000)))>0))*('Data - HSQE Events'!F$6:F$3000>=$AG$3)*('Data - HSQE Events'!F$6:F$3000<=$AJ$3)*('Data - HSQE Events'!R$6:R$3000="Opportunity")),0) -> 0 | K9: =IFERROR(SUMPRODUCT((((ISNUMBER(SEARCH(B9,'Data - HSQE Events'!V$6:V$3000))+ISNUMBER(SEARCH(B9,'Data - HSQE Events'!H$6:H$3000)))>0))*('Data - HSQE Events'!F$6:F$3000>=$AG$3)*('Data - HSQE Events'!F$6:F$3000<=$AJ$3)*('Data - HSQE Events'!R$6:R$3000="Minor")),0) -> 0 | L9: =IFERROR(SUMPRODUCT((((ISNUMBER(SEARCH(B9,'Data - HSQE Events'!V$6:V$3000))+ISNUMBER(SEARCH(B9,'Data - HSQE Events'!H$6:H$3000)))>0))*('Data - HSQE Events'!F$6:F$3000>=$AG$3)*('Data - HSQE Events'!F$6:F$3000<=$AJ$3)*(('Data - HSQE Events'!R$6:R$3000="Moderate")+('Data - HSQE Events'!R$6:R$3000="Major"))),0) -> 0 | M9: =IF(IFERROR(SUMPRODUCT((((ISNUMBER(SEARCH(B9,'Data - HSQE Events'!V$6:V$3000))+ISNUMBER(SEARCH(B9,'Data - HSQE Events'!H$6:H$3000)))>0))*('Data - HSQE Events'!F$6:F$3000>=$AG$3)*('Data - HSQE Events'!F$6:F$3000<=$AJ$3)*('Data - HSQE Events'!R$6:R$3000="Major")),0)>0,"YES","NO") -> NO | N9: =IFERROR(SUMPRODUCT(('Data - Skillko'!B$6:B$3000=B9)*('Data - Skillko'!C$6:C$3000="Total")*('Data - Skillko'!E$6:E$3000))*100,0) -> 76 | O9: =ROUND(MAX(1,MIN(5,1+N9/100*4)),1) -> 4 | P9: =IFERROR(SUMPRODUCT(ISNUMBER(SEARCH(B9,'Pole Results'!$A$13:$A$2000))*('Pole Results'!$B$13:$B$2000>=$AG$3)*('Pole Results'!$B$13:$B$2000<=$AE$3)*('Pole Results'!$E$13:$E$2000="Non-Compliant")),0) -> 0 | Q9: =IF(I9=0,1,IFERROR(ROUND(MAX(1,MIN(5,1+J9/I9*4)),1),3)) -> 1 | R9: =ROUND(6-MAX(MIN(5,K9*0.8+1),MIN(5,L9*2+1)),1) -> 5 | S9: =IFERROR(ROUND(MAX(1,MIN(5,5-(P9/MAX(1,AI9))*4)),1),5) -> 5 | T9: =IF('Field Teams'!$I$10="Inactive","",ROUND((Q9*Settings!$D$6+R9*Settings!$D$7+O9*Settings!$D$10+S9*Settings!$D$12+AO9*Settings!$D$13)/Settings!$D$14,1)) -> 3 | U9: =IF('Field Teams'!$I$10="Inactive","",IF(Q9="","",IF(Q9>=4.5,"★★★★★",IF(Q9>=3.5,"★★★★☆",IF(Q9>=2.5,"★★★☆☆",IF(Q9>=1.5,"★★☆☆☆","★☆☆☆☆")))))) -> ★☆☆☆☆ | V9: =IF('Field Teams'!$I$10="Inactive","",IF(R9="","",IF(R9>=4.5,"★★★★★",IF(R9>=3.5,"★★★★☆",IF(R9>=2.5,"★★★☆☆",IF(R9>=1.5,"★★☆☆☆","★☆☆☆☆")))))) -> ★★★★★ | W9: =IF('Field Teams'!$I$10="Inactive","",IF(O9="","",IF(O9>=4.5,"★★★★★",IF(O9>=3.5,"★★★★☆",IF(O9>=2.5,"★★★☆☆",IF(O9>=1.5,"★★☆☆☆","★☆☆☆☆")))))) -> ★★★★☆ | X9: =IF('Field Teams'!$I$10="Inactive","",IF(S9="","",IF(S9>=4.5,"★★★★★",IF(S9>=3.5,"★★★★☆",IF(S9>=2.5,"★★★☆☆",IF(S9>=1.5,"★★☆☆☆","★☆☆☆☆")))))) -> ★★★★★ | Y9: =IF('Field Teams'!$I$10="Inactive","",IF(AO9="","",IF(AO9>=4.5,"★★★★★",IF(AO9>=3.5,"★★★★☆",IF(AO9>=2.5,"★★★☆☆",IF(AO9>=1.5,"★★☆☆☆","★☆☆☆☆")))))) -> ★★★☆☆ | Z9: =IF('Field Teams'!$I$5="Inactive","",IF(T9="","",IF(T9>=4.5,"★★★★★",IF(T9>=3.5,"★★★★☆",IF(T9>=2.5,"★★★☆☆",IF(T9>=1.5,"★★☆☆☆","★☆☆☆☆")))))) -> ★★★☆☆ | AA9: =IF('Field Teams'!$I$10="Inactive","",IF(M9="YES","HIGH",IF(Q9<=Settings!$D$26,"HIGH",IF(T9<=Settings!$D$23,"HIGH",IF(T9<=Settings!$D$24,"MEDIUM","LOW"))))) -> HIGH | AB9: =IF('Field Teams'!$I$5="Inactive",-1,IFERROR((6-T9)+(77-ROW())*0.0001,0)) -> 3.0068 | AC9: =IF('Field Teams'!$I$5="Inactive",999,IFERROR((6-T9)+(ROW()-3)*0.0001,99)) -> 3.0006 | AD9: =IF('Field Teams'!$I$10="Inactive",999,IFERROR(AB9+(ROW()-3)*0.0001,99)) -> 3.0074 | AE9: 0 | AF9: =IF('Field Teams'!$I$10="Inactive","",IF(AA9="HIGH","YES - within 5 working days","")) -> YES - within 5 working days | AH9: =IFERROR(SUMPRODUCT(ISNUMBER(SEARCH(B9,'Pole Results'!$A$13:$A$2000))*('Pole Results'!$B$13:$B$2000>=$AG$3)*('Pole Results'!$B$13:$B$2000<=$AE$3)),0) -> 0 | AI9: =IFERROR(SUMPRODUCT(ISNUMBER(SEARCH(B9,'Pole Results'!$A$13:$A$2000))*('Pole Results'!$B$13:$B$2000>=$AG$3)*('Pole Results'!$B$13:$B$2000<=$AE$3)*('Pole Results'!$E$13:$E$2000="Compliant")),0) -> 0 | AK9: =IF('Field Teams'!$I$10="Inactive",-1,IF(AA9="HIGH",AB9,-1)) -> 3.0068 | AL9: =IF('Field Teams'!$I$10="Inactive",-1,IF(OR(AA9="HIGH",AA9="MEDIUM"),AB9,-1)) -> 3.0068 | AM9: =IF('Field Teams'!$I$10="Inactive","",IF(IFERROR(LOOKUP(2,1/('Historical Scores'!C10:N10<>""),'Historical Scores'!C10:N10),"")="","New",IF(T9=""," ",IF(T9>IFERROR(LOOKUP(2,1/('Historical Scores'!C10:N10<>""),'Historical Scores'!C10:N10),""),"▲ Worsening",IF(T9<IFERROR(LOOKUP(2,1/('Historical Scores'!C10:N10<>""),'Historical Scores'!C10:N10),""),"▼ Improving","► Stable"))))) -> New | AN9: =IFERROR(SUMPRODUCT((ISNUMBER(SEARCH(B9,'Data - SSV'!AE$6:AE$3000)))*('Data - SSV'!AF$6:AF$3000>=(AJ$3-90))*('Data - SSV'!AF$6:AF$3000<=AJ$3)*('Data - SSV'!AH$6:AH$3000<>"")),0) -> 0 | AO9: =IF('Field Teams'!$I$10="Inactive","",IF(AN9=0,3,IF(AN9=1,IF(IFERROR(SUMPRODUCT((ISNUMBER(SEARCH(B9,'Data - SSV'!AE$6:AE$3000)))*('Data - SSV'!AF$6:AF$3000>=(AJ$3-90))*('Data - SSV'!AF$6:AF$3000<=AJ$3)*('Data - SSV'!AH$6:AH$3000<>"")*IF('Data - SSV'!AH$6:AH$3000="",0,'Data - SSV'!AH$6:AH$3000))/AN9,3)=4,4,IF(IFERROR(SUMPRODUCT((ISNUMBER(SEARCH(B9,'Data - SSV'!AE$6:AE$3000)))*('Data - SSV'!AF$6:AF$3000>=(AJ$3-90))*('Data - SSV'!AF$6:AF$3000<=AJ$3)*('Data - SSV'!AH$6:AH$3000<>"")*IF('Data - SSV'!AH$6:AH$3000="",0,'Data - SSV'!AH$6:AH$3000))/AN9,3)>=3,3,IF(IFERROR(SUMPRODUCT((ISNUMBER(SEARCH(B9,'Data - SSV'!AE$6:AE$3000)))*('Data - SSV'!AF$6:AF$3000>=(AJ$3-90))*('Data - SSV'!AF$6:AF$3000<=AJ$3)*('Data - SSV'!AH$6:AH$3000<>"")*IF('Data - SSV'!AH$6:AH$3000="",0,'Data - SSV'!AH$6:AH$3000))/AN9,3)>=2,2,1))),IF(IFERROR(SUMPRODUCT((ISNUMBER(SEARCH(B9,'Data - SSV'!AE$6:AE$3000)))*('Data - SSV'!AF$6:AF$3000>=(AJ$3-90))*('Data - SSV'!AF$6:AF$3000<=AJ$3)*('Data - SSV'!AH$6:AH$3000<>"")*IF('Data - SSV'!AH$6:AH$3000="",0,'Data - SSV'!AH$6:AH$3000))/AN9,3)=4,5,IF(IFERROR(SUMPRODUCT((ISNUMBER(SEARCH(B9,'Data - SSV'!AE$6:AE$3000)))*('Data - SSV'!AF$6:AF$3000>=(AJ$3-90))*('Data - SSV'!AF$6:AF$3000<=AJ$3)*('Data - SSV'!AH$6:AH$3000<>"")*IF('Data - SSV'!AH$6:AH$3000="",0,'Data - SSV'!AH$6:AH$3000))/AN9,3)>=3.5,4,IF(IFERROR(SUMPRODUCT((ISNUMBER(SEARCH(B9,'Data - SSV'!AE$6:AE$3000)))*('Data - SSV'!AF$6:AF$3000>=(AJ$3-90))*('Data - SSV'!AF$6:AF$3000<=AJ$3)*('Data - SSV'!AH$6:AH$3000<>"")*IF('Data - SSV'!AH$6:AH$3000="",0,'Data - SSV'!AH$6:AH$3000))/AN9,3)>=3,3,IF(IFERROR(SUMPRODUCT((ISNUMBER(SEARCH(B9,'Data - SSV'!AE$6:AE$3000)))*('Data - SSV'!AF$6:AF$3000>=(AJ$3-90))*('Data - SSV'!AF$6:AF$3000<=AJ$3)*('Data - SSV'!AH$6:AH$3000<>"")*IF('Data - SSV'!AH$6:AH$3000="",0,'Data - SSV'!AH$6:AH$3000))/AN9,3)>=2,2,1))))))) -> 3
A10: ='Field Teams'!A11 -> FT-007 | B10: ='Field Teams'!B11 -> Green Net Eco Ltd | C10: ='Field Teams'!C11 -> Utility Arboriculture | D10: ='Field Teams'!D11 -> Donovan Gosher | E10: ='Field Teams'!E11 -> Barry Bright | F10: ='Field Teams'!F11 -> 0 | G10: ='Field Teams'!G11 -> 0 | H10: ='Field Teams'!H11 -> 3 | I10: =H10*2 -> 6 | J10: =IFERROR(SUMPRODUCT((((ISNUMBER(SEARCH(B10,'Data - HSQE Events'!V$6:V$3000))+ISNUMBER(SEARCH(B10,'Data - HSQE Events'!H$6:H$3000)))>0))*('Data - HSQE Events'!F$6:F$3000>=$AG$3)*('Data - HSQE Events'!F$6:F$3000<=$AJ$3)*('Data - HSQE Events'!R$6:R$3000="Opportunity")),0) -> 0 | K10: =IFERROR(SUMPRODUCT((((ISNUMBER(SEARCH(B10,'Data - HSQE Events'!V$6:V$3000))+ISNUMBER(SEARCH(B10,'Data - HSQE Events'!H$6:H$3000)))>0))*('Data - HSQE Events'!F$6:F$3000>=$AG$3)*('Data - HSQE Events'!F$6:F$3000<=$AJ$3)*('Data - HSQE Events'!R$6:R$3000="Minor")),0) -> 0 | L10: =IFERROR(SUMPRODUCT((((ISNUMBER(SEARCH(B10,'Data - HSQE Events'!V$6:V$3000))+ISNUMBER(SEARCH(B10,'Data - HSQE Events'!H$6:H$3000)))>0))*('Data - HSQE Events'!F$6:F$3000>=$AG$3)*('Data - HSQE Events'!F$6:F$3000<=$AJ$3)*(('Data - HSQE Events'!R$6:R$3000="Moderate")+('Data - HSQE Events'!R$6:R$3000="Major"))),0) -> 0 | M10: =IF(IFERROR(SUMPRODUCT((((ISNUMBER(SEARCH(B10,'Data - HSQE Events'!V$6:V$3000))+ISNUMBER(SEARCH(B10,'Data - HSQE Events'!H$6:H$3000)))>0))*('Data - HSQE Events'!F$6:F$3000>=$AG$3)*('Data - HSQE Events'!F$6:F$3000<=$AJ$3)*('Data - HSQE Events'!R$6:R$3000="Major")),0)>0,"YES","NO") -> NO | N10: =IFERROR(SUMPRODUCT(('Data - Skillko'!B$6:B$3000=B10)*('Data - Skillko'!C$6:C$3000="Total")*('Data - Skillko'!E$6:E$3000))*100,0) -> 98 | O10: =ROUND(MAX(1,MIN(5,1+N10/100*4)),1) -> 4.9 | P10: =IFERROR(SUMPRODUCT(ISNUMBER(SEARCH(B10,'Pole Results'!$A$13:$A$2000))*('Pole Results'!$B$13:$B$2000>=$AG$3)*('Pole Results'!$B$13:$B$2000<=$AE$3)*('Pole Results'!$E$13:$E$2000="Non-Compliant")),0) -> 0 | Q10: =IF(I10=0,1,IFERROR(ROUND(MAX(1,MIN(5,1+J10/I10*4)),1),3)) -> 1 | R10: =ROUND(6-MAX(MIN(5,K10*0.8+1),MIN(5,L10*2+1)),1) -> 5 | S10: =IFERROR(ROUND(MAX(1,MIN(5,5-(P10/MAX(1,AI10))*4)),1),5) -> 5 | T10: =IF('Field Teams'!$I$11="Inactive","",ROUND((Q10*Settings!$D$6+R10*Settings!$D$7+O10*Settings!$D$10+S10*Settings!$D$12+AO10*Settings!$D$13)/Settings!$D$14,1)) -> 3.1 | U10: =IF('Field Teams'!$I$11="Inactive","",IF(Q10="","",IF(Q10>=4.5,"★★★★★",IF(Q10>=3.5,"★★★★☆",IF(Q10>=2.5,"★★★☆☆",IF(Q10>=1.5,"★★☆☆☆","★☆☆☆☆")))))) -> ★☆☆☆☆ | V10: =IF('Field Teams'!$I$11="Inactive","",IF(R10="","",IF(R10>=4.5,"★★★★★",IF(R10>=3.5,"★★★★☆",IF(R10>=2.5,"★★★☆☆",IF(R10>=1.5,"★★☆☆☆","★☆☆☆☆")))))) -> ★★★★★ | W10: =IF('Field Teams'!$I$11="Inactive","",IF(O10="","",IF(O10>=4.5,"★★★★★",IF(O10>=3.5,"★★★★☆",IF(O10>=2.5,"★★★☆☆",IF(O10>=1.5,"★★☆☆☆","★☆☆☆☆")))))) -> ★★★★★ | X10: =IF('Field Teams'!$I$11="Inactive","",IF(S10="","",IF(S10>=4.5,"★★★★★",IF(S10>=3.5,"★★★★☆",IF(S10>=2.5,"★★★☆☆",IF(S10>=1.5,"★★☆☆☆","★☆☆☆☆")))))) -> ★★★★★ | Y10: =IF('Field Teams'!$I$11="Inactive","",IF(AO10="","",IF(AO10>=4.5,"★★★★★",IF(AO10>=3.5,"★★★★☆",IF(AO10>=2.5,"★★★☆☆",IF(AO10>=1.5,"★★☆☆☆","★☆☆☆☆")))))) -> ★★★☆☆ | Z10: =IF('Field Teams'!$I$5="Inactive","",IF(T10="","",IF(T10>=4.5,"★★★★★",IF(T10>=3.5,"★★★★☆",IF(T10>=2.5,"★★★☆☆",IF(T10>=1.5,"★★☆☆☆","★☆☆☆☆")))))) -> ★★★☆☆ | AA10: =IF('Field Teams'!$I$11="Inactive","",IF(M10="YES","HIGH",IF(Q10<=Settings!$D$26,"HIGH",IF(T10<=Settings!$D$23,"HIGH",IF(T10<=Settings!$D$24,"MEDIUM","LOW"))))) -> HIGH | AB10: =IF('Field Teams'!$I$5="Inactive",-1,IFERROR((6-T10)+(77-ROW())*0.0001,0)) -> 2.9067 | AC10: =IF('Field Teams'!$I$5="Inactive",999,IFERROR((6-T10)+(ROW()-3)*0.0001,99)) -> 2.9007 | AD10: =IF('Field Teams'!$I$11="Inactive",999,IFERROR(AB10+(ROW()-3)*0.0001,99)) -> 2.9074 | AE10: 0 | AF10: =IF('Field Teams'!$I$11="Inactive","",IF(AA10="HIGH","YES - within 5 working days","")) -> YES - within 5 working days | AH10: =IFERROR(SUMPRODUCT(ISNUMBER(SEARCH(B10,'Pole Results'!$A$13:$A$2000))*('Pole Results'!$B$13:$B$2000>=$AG$3)*('Pole Results'!$B$13:$B$2000<=$AE$3)),0) -> 0 | AI10: =IFERROR(SUMPRODUCT(ISNUMBER(SEARCH(B10,'Pole Results'!$A$13:$A$2000))*('Pole Results'!$B$13:$B$2000>=$AG$3)*('Pole Results'!$B$13:$B$2000<=$AE$3)*('Pole Results'!$E$13:$E$2000="Compliant")),0) -> 0 | AK10: =IF('Field Teams'!$I$11="Inactive",-1,IF(AA10="HIGH",AB10,-1)) -> 2.9067 | AL10: =IF('Field Teams'!$I$11="Inactive",-1,IF(OR(AA10="HIGH",AA10="MEDIUM"),AB10,-1)) -> 2.9067 | AM10: =IF('Field Teams'!$I$11="Inactive","",IF(IFERROR(LOOKUP(2,1/('Historical Scores'!C11:N11<>""),'Historical Scores'!C11:N11),"")="","New",IF(T10=""," ",IF(T10>IFERROR(LOOKUP(2,1/('Historical Scores'!C11:N11<>""),'Historical Scores'!C11:N11),""),"▲ Worsening",IF(T10<IFERROR(LOOKUP(2,1/('Historical Scores'!C11:N11<>""),'Historical Scores'!C11:N11),""),"▼ Improving","► Stable"))))) -> New | AN10: =IFERROR(SUMPRODUCT((ISNUMBER(SEARCH(B10,'Data - SSV'!AE$6:AE$3000)))*('Data - SSV'!AF$6:AF$3000>=(AJ$3-90))*('Data - SSV'!AF$6:AF$3000<=AJ$3)*('Data - SSV'!AH$6:AH$3000<>"")),0) -> 0 | AO10: =IF('Field Teams'!$I$11="Inactive","",IF(AN10=0,3,IF(AN10=1,IF(IFERROR(SUMPRODUCT((ISNUMBER(SEARCH(B10,'Data - SSV'!AE$6:AE$3000)))*('Data - SSV'!AF$6:AF$3000>=(AJ$3-90))*('Data - SSV'!AF$6:AF$3000<=AJ$3)*('Data - SSV'!AH$6:AH$3000<>"")*IF('Data - SSV'!AH$6:AH$3000="",0,'Data - SSV'!AH$6:AH$3000))/AN10,3)=4,4,IF(IFERROR(SUMPRODUCT((ISNUMBER(SEARCH(B10,'Data - SSV'!AE$6:AE$3000)))*('Data - SSV'!AF$6:AF$3000>=(AJ$3-90))*('Data - SSV'!AF$6:AF$3000<=AJ$3)*('Data - SSV'!AH$6:AH$3000<>"")*IF('Data - SSV'!AH$6:AH$3000="",0,'Data - SSV'!AH$6:AH$3000))/AN10,3)>=3,3,IF(IFERROR(SUMPRODUCT((ISNUMBER(SEARCH(B10,'Data - SSV'!AE$6:AE$3000)))*('Data - SSV'!AF$6:AF$3000>=(AJ$3-90))*('Data - SSV'!AF$6:AF$3000<=AJ$3)*('Data - SSV'!AH$6:AH$3000<>"")*IF('Data - SSV'!AH$6:AH$3000="",0,'Data - SSV'!AH$6:AH$3000))/AN10,3)>=2,2,1))),IF(IFERROR(SUMPRODUCT((ISNUMBER(SEARCH(B10,'Data - SSV'!AE$6:AE$3000)))*('Data - SSV'!AF$6:AF$3000>=(AJ$3-90))*('Data - SSV'!AF$6:AF$3000<=AJ$3)*('Data - SSV'!AH$6:AH$3000<>"")*IF('Data - SSV'!AH$6:AH$3000="",0,'Data - SSV'!AH$6:AH$3000))/AN10,3)=4,5,IF(IFERROR(SUMPRODUCT((ISNUMBER(SEARCH(B10,'Data - SSV'!AE$6:AE$3000)))*('Data - SSV'!AF$6:AF$3000>=(AJ$3-90))*('Data - SSV'!AF$6:AF$3000<=AJ$3)*('Data - SSV'!AH$6:AH$3000<>"")*IF('Data - SSV'!AH$6:AH$3000="",0,'Data - SSV'!AH$6:AH$3000))/AN10,3)>=3.5,4,IF(IFERROR(SUMPRODUCT((ISNUMBER(SEARCH(B10,'Data - SSV'!AE$6:AE$3000)))*('Data - SSV'!AF$6:AF$3000>=(AJ$3-90))*('Data - SSV'!AF$6:AF$3000<=AJ$3)*('Data - SSV'!AH$6:AH$3000<>"")*IF('Data - SSV'!AH$6:AH$3000="",0,'Data - SSV'!AH$6:AH$3000))/AN10,3)>=3,3,IF(IFERROR(SUMPRODUCT((ISNUMBER(SEARCH(B10,'Data - SSV'!AE$6:AE$3000)))*('Data - SSV'!AF$6:AF$3000>=(AJ$3-90))*('Data - SSV'!AF$6:AF$3000<=AJ$3)*('Data - SSV'!AH$6:AH$3000<>"")*IF('Data - SSV'!AH$6:AH$3000="",0,'Data - SSV'!AH$6:AH$3000))/AN10,3)>=2,2,1))))))) -> 3
A11: ='Field Teams'!A12 -> FT-008 | B11: ='Field Teams'!B12 -> Hope Ground and Tree Care | C11: ='Field Teams'!C12 -> Utility Arboriculture | D11: ='Field Teams'!D12 -> Donovan Gosher | E11: ='Field Teams'!E12 -> Barry Bright | F11: ='Field Teams'!F12 -> 0 | G11: ='Field Teams'!G12 -> 0 | H11: ='Field Teams'!H12 -> 2 | I11: =H11*2 -> 4 | J11: =IFERROR(SUMPRODUCT((((ISNUMBER(SEARCH(B11,'Data - HSQE Events'!V$6:V$3000))+ISNUMBER(SEARCH(B11,'Data - HSQE Events'!H$6:H$3000)))>0))*('Data - HSQE Events'!F$6:F$3000>=$AG$3)*('Data - HSQE Events'!F$6:F$3000<=$AJ$3)*('Data - HSQE Events'!R$6:R$3000="Opportunity")),0) -> 0 | K11: =IFERROR(SUMPRODUCT((((ISNUMBER(SEARCH(B11,'Data - HSQE Events'!V$6:V$3000))+ISNUMBER(SEARCH(B11,'Data - HSQE Events'!H$6:H$3000)))>0))*('Data - HSQE Events'!F$6:F$3000>=$AG$3)*('Data - HSQE Events'!F$6:F$3000<=$AJ$3)*('Data - HSQE Events'!R$6:R$3000="Minor")),0) -> 0 | L11: =IFERROR(SUMPRODUCT((((ISNUMBER(SEARCH(B11,'Data - HSQE Events'!V$6:V$3000))+ISNUMBER(SEARCH(B11,'Data - HSQE Events'!H$6:H$3000)))>0))*('Data - HSQE Events'!F$6:F$3000>=$AG$3)*('Data - HSQE Events'!F$6:F$3000<=$AJ$3)*(('Data - HSQE Events'!R$6:R$3000="Moderate")+('Data - HSQE Events'!R$6:R$3000="Major"))),0) -> 0 | M11: =IF(IFERROR(SUMPRODUCT((((ISNUMBER(SEARCH(B11,'Data - HSQE Events'!V$6:V$3000))+ISNUMBER(SEARCH(B11,'Data - HSQE Events'!H$6:H$3000)))>0))*('Data - HSQE Events'!F$6:F$3000>=$AG$3)*('Data - HSQE Events'!F$6:F$3000<=$AJ$3)*('Data - HSQE Events'!R$6:R$3000="Major")),0)>0,"YES","NO") -> NO | N11: =IFERROR(SUMPRODUCT(('Data - Skillko'!B$6:B$3000=B11)*('Data - Skillko'!C$6:C$3000="Total")*('Data - Skillko'!E$6:E$3000))*100,0) -> 93 | O11: =ROUND(MAX(1,MIN(5,1+N11/100*4)),1) -> 4.7 | P11: =IFERROR(SUMPRODUCT(ISNUMBER(SEARCH(B11,'Pole Results'!$A$13:$A$2000))*('Pole Results'!$B$13:$B$2000>=$AG$3)*('Pole Results'!$B$13:$B$2000<=$AE$3)*('Pole Results'!$E$13:$E$2000="Non-Compliant")),0) -> 0 | Q11: =IF(I11=0,1,IFERROR(ROUND(MAX(1,MIN(5,1+J11/I11*4)),1),3)) -> 1 | R11: =ROUND(6-MAX(MIN(5,K11*0.8+1),MIN(5,L11*2+1)),1) -> 5 | S11: =IFERROR(ROUND(MAX(1,MIN(5,5-(P11/MAX(1,AI11))*4)),1),5) -> 5 | T11: =IF('Field Teams'!$I$12="Inactive","",ROUND((Q11*Settings!$D$6+R11*Settings!$D$7+O11*Settings!$D$10+S11*Settings!$D$12+AO11*Settings!$D$13)/Settings!$D$14,1)) -> 3.1 | U11: =IF('Field Teams'!$I$12="Inactive","",IF(Q11="","",IF(Q11>=4.5,"★★★★★",IF(Q11>=3.5,"★★★★☆",IF(Q11>=2.5,"★★★☆☆",IF(Q11>=1.5,"★★☆☆☆","★☆☆☆☆")))))) -> ★☆☆☆☆ | V11: =IF('Field Teams'!$I$12="Inactive","",IF(R11="","",IF(R11>=4.5,"★★★★★",IF(R11>=3.5,"★★★★☆",IF(R11>=2.5,"★★★☆☆",IF(R11>=1.5,"★★☆☆☆","★☆☆☆☆")))))) -> ★★★★★ | W11: =IF('Field Teams'!$I$12="Inactive","",IF(O11="","",IF(O11>=4.5,"★★★★★",IF(O11>=3.5,"★★★★☆",IF(O11>=2.5,"★★★☆☆",IF(O11>=1.5,"★★☆☆☆","★☆☆☆☆")))))) -> ★★★★★ | X11: =IF('Field Teams'!$I$12="Inactive","",IF(S11="","",IF(S11>=4.5,"★★★★★",IF(S11>=3.5,"★★★★☆",IF(S11>=2.5,"★★★☆☆",IF(S11>=1.5,"★★☆☆☆","★☆☆☆☆")))))) -> ★★★★★ | Y11: =IF('Field Teams'!$I$12="Inactive","",IF(AO11="","",IF(AO11>=4.5,"★★★★★",IF(AO11>=3.5,"★★★★☆",IF(AO11>=2.5,"★★★☆☆",IF(AO11>=1.5,"★★☆☆☆","★☆☆☆☆")))))) -> ★★★☆☆ | Z11: =IF('Field Teams'!$I$5="Inactive","",IF(T11="","",IF(T11>=4.5,"★★★★★",IF(T11>=3.5,"★★★★☆",IF(T11>=2.5,"★★★☆☆",IF(T11>=1.5,"★★☆☆☆","★☆☆☆☆")))))) -> ★★★☆☆ | AA11: =IF('Field Teams'!$I$12="Inactive","",IF(M11="YES","HIGH",IF(Q11<=Settings!$D$26,"HIGH",IF(T11<=Settings!$D$23,"HIGH",IF(T11<=Settings!$D$24,"MEDIUM","LOW"))))) -> HIGH | AB11: =IF('Field Teams'!$I$5="Inactive",-1,IFERROR((6-T11)+(77-ROW())*0.0001,0)) -> 2.9066 | AC11: =IF('Field Teams'!$I$5="Inactive",999,IFERROR((6-T11)+(ROW()-3)*0.0001,99)) -> 2.9008 | AD11: =IF('Field Teams'!$I$12="Inactive",999,IFERROR(AB11+(ROW()-3)*0.0001,99)) -> 2.9074 | AE11: 0 | AF11: =IF('Field Teams'!$I$12="Inactive","",IF(AA11="HIGH","YES - within 5 working days","")) -> YES - within 5 working days | AH11: =IFERROR(SUMPRODUCT(ISNUMBER(SEARCH(B11,'Pole Results'!$A$13:$A$2000))*('Pole Results'!$B$13:$B$2000>=$AG$3)*('Pole Results'!$B$13:$B$2000<=$AE$3)),0) -> 0 | AI11: =IFERROR(SUMPRODUCT(ISNUMBER(SEARCH(B11,'Pole Results'!$A$13:$A$2000))*('Pole Results'!$B$13:$B$2000>=$AG$3)*('Pole Results'!$B$13:$B$2000<=$AE$3)*('Pole Results'!$E$13:$E$2000="Compliant")),0) -> 0 | AK11: =IF('Field Teams'!$I$12="Inactive",-1,IF(AA11="HIGH",AB11,-1)) -> 2.9066 | AL11: =IF('Field Teams'!$I$12="Inactive",-1,IF(OR(AA11="HIGH",AA11="MEDIUM"),AB11,-1)) -> 2.9066 | AM11: =IF('Field Teams'!$I$12="Inactive","",IF(IFERROR(LOOKUP(2,1/('Historical Scores'!C12:N12<>""),'Historical Scores'!C12:N12),"")="","New",IF(T11=""," ",IF(T11>IFERROR(LOOKUP(2,1/('Historical Scores'!C12:N12<>""),'Historical Scores'!C12:N12),""),"▲ Worsening",IF(T11<IFERROR(LOOKUP(2,1/('Historical Scores'!C12:N12<>""),'Historical Scores'!C12:N12),""),"▼ Improving","► Stable"))))) -> New | AN11: =IFERROR(SUMPRODUCT((ISNUMBER(SEARCH(B11,'Data - SSV'!AE$6:AE$3000)))*('Data - SSV'!AF$6:AF$3000>=(AJ$3-90))*('Data - SSV'!AF$6:AF$3000<=AJ$3)*('Data - SSV'!AH$6:AH$3000<>"")),0) -> 0 | AO11: =IF('Field Teams'!$I$12="Inactive","",IF(AN11=0,3,IF(AN11=1,IF(IFERROR(SUMPRODUCT((ISNUMBER(SEARCH(B11,'Data - SSV'!AE$6:AE$3000)))*('Data - SSV'!AF$6:AF$3000>=(AJ$3-90))*('Data - SSV'!AF$6:AF$3000<=AJ$3)*('Data - SSV'!AH$6:AH$3000<>"")*IF('Data - SSV'!AH$6:AH$3000="",0,'Data - SSV'!AH$6:AH$3000))/AN11,3)=4,4,IF(IFERROR(SUMPRODUCT((ISNUMBER(SEARCH(B11,'Data - SSV'!AE$6:AE$3000)))*('Data - SSV'!AF$6:AF$3000>=(AJ$3-90))*('Data - SSV'!AF$6:AF$3000<=AJ$3)*('Data - SSV'!AH$6:AH$3000<>"")*IF('Data - SSV'!AH$6:AH$3000="",0,'Data - SSV'!AH$6:AH$3000))/AN11,3)>=3,3,IF(IFERROR(SUMPRODUCT((ISNUMBER(SEARCH(B11,'Data - SSV'!AE$6:AE$3000)))*('Data - SSV'!AF$6:AF$3000>=(AJ$3-90))*('Data - SSV'!AF$6:AF$3000<=AJ$3)*('Data - SSV'!AH$6:AH$3000<>"")*IF('Data - SSV'!AH$6:AH$3000="",0,'Data - SSV'!AH$6:AH$3000))/AN11,3)>=2,2,1))),IF(IFERROR(SUMPRODUCT((ISNUMBER(SEARCH(B11,'Data - SSV'!AE$6:AE$3000)))*('Data - SSV'!AF$6:AF$3000>=(AJ$3-90))*('Data - SSV'!AF$6:AF$3000<=AJ$3)*('Data - SSV'!AH$6:AH$3000<>"")*IF('Data - SSV'!AH$6:AH$3000="",0,'Data - SSV'!AH$6:AH$3000))/AN11,3)=4,5,IF(IFERROR(SUMPRODUCT((ISNUMBER(SEARCH(B11,'Data - SSV'!AE$6:AE$3000)))*('Data - SSV'!AF$6:AF$3000>=(AJ$3-90))*('Data - SSV'!AF$6:AF$3000<=AJ$3)*('Data - SSV'!AH$6:AH$3000<>"")*IF('Data - SSV'!AH$6:AH$3000="",0,'Data - SSV'!AH$6:AH$3000))/AN11,3)>=3.5,4,IF(IFERROR(SUMPRODUCT((ISNUMBER(SEARCH(B11,'Data - SSV'!AE$6:AE$3000)))*('Data - SSV'!AF$6:AF$3000>=(AJ$3-90))*('Data - SSV'!AF$6:AF$3000<=AJ$3)*('Data - SSV'!AH$6:AH$3000<>"")*IF('Data - SSV'!AH$6:AH$3000="",0,'Data - SSV'!AH$6:AH$3000))/AN11,3)>=3,3,IF(IFERROR(SUMPRODUCT((ISNUMBER(SEARCH(B11,'Data - SSV'!AE$6:AE$3000)))*('Data - SSV'!AF$6:AF$3000>=(AJ$3-90))*('Data - SSV'!AF$6:AF$3000<=AJ$3)*('Data - SSV'!AH$6:AH$3000<>"")*IF('Data - SSV'!AH$6:AH$3000="",0,'Data - SSV'!AH$6:AH$3000))/AN11,3)>=2,2,1))))))) -> 3
A12: ='Field Teams'!A13 -> FT-009 | B12: ='Field Teams'!B13 -> M G Tree Surgery Ltd | C12: ='Field Teams'!C13 -> Utility Arboriculture | D12: ='Field Teams'!D13 -> Donovan Gosher | E12: ='Field Teams'!E13 -> Barry Bright | F12: ='Field Teams'!F13 -> 0 | G12: ='Field Teams'!G13 -> 0 | H12: ='Field Teams'!H13 -> 3 | I12: =H12*2 -> 6 | J12: =IFERROR(SUMPRODUCT((((ISNUMBER(SEARCH(B12,'Data - HSQE Events'!V$6:V$3000))+ISNUMBER(SEARCH(B12,'Data - HSQE Events'!H$6:H$3000)))>0))*('Data - HSQE Events'!F$6:F$3000>=$AG$3)*('Data - HSQE Events'!F$6:F$3000<=$AJ$3)*('Data - HSQE Events'!R$6:R$3000="Opportunity")),0) -> 0 | K12: =IFERROR(SUMPRODUCT((((ISNUMBER(SEARCH(B12,'Data - HSQE Events'!V$6:V$3000))+ISNUMBER(SEARCH(B12,'Data - HSQE Events'!H$6:H$3000)))>0))*('Data - HSQE Events'!F$6:F$3000>=$AG$3)*('Data - HSQE Events'!F$6:F$3000<=$AJ$3)*('Data - HSQE Events'!R$6:R$3000="Minor")),0) -> 0 | L12: =IFERROR(SUMPRODUCT((((ISNUMBER(SEARCH(B12,'Data - HSQE Events'!V$6:V$3000))+ISNUMBER(SEARCH(B12,'Data - HSQE Events'!H$6:H$3000)))>0))*('Data - HSQE Events'!F$6:F$3000>=$AG$3)*('Data - HSQE Events'!F$6:F$3000<=$AJ$3)*(('Data - HSQE Events'!R$6:R$3000="Moderate")+('Data - HSQE Events'!R$6:R$3000="Major"))),0) -> 0 | M12: =IF(IFERROR(SUMPRODUCT((((ISNUMBER(SEARCH(B12,'Data - HSQE Events'!V$6:V$3000))+ISNUMBER(SEARCH(B12,'Data - HSQE Events'!H$6:H$3000)))>0))*('Data - HSQE Events'!F$6:F$3000>=$AG$3)*('Data - HSQE Events'!F$6:F$3000<=$AJ$3)*('Data - HSQE Events'!R$6:R$3000="Major")),0)>0,"YES","NO") -> NO | N12: =IFERROR(SUMPRODUCT(('Data - Skillko'!B$6:B$3000=B12)*('Data - Skillko'!C$6:C$3000="Total")*('Data - Skillko'!E$6:E$3000))*100,0) -> 93 | O12: =ROUND(MAX(1,MIN(5,1+N12/100*4)),1) -> 4.7 | P12: =IFERROR(SUMPRODUCT(ISNUMBER(SEARCH(B12,'Pole Results'!$A$13:$A$2000))*('Pole Results'!$B$13:$B$2000>=$AG$3)*('Pole Results'!$B$13:$B$2000<=$AE$3)*('Pole Results'!$E$13:$E$2000="Non-Compliant")),0) -> 0 | Q12: =IF(I12=0,1,IFERROR(ROUND(MAX(1,MIN(5,1+J12/I12*4)),1),3)) -> 1 | R12: =ROUND(6-MAX(MIN(5,K12*0.8+1),MIN(5,L12*2+1)),1) -> 5 | S12: =IFERROR(ROUND(MAX(1,MIN(5,5-(P12/MAX(1,AI12))*4)),1),5) -> 5 | T12: =IF('Field Teams'!$I$13="Inactive","",ROUND((Q12*Settings!$D$6+R12*Settings!$D$7+O12*Settings!$D$10+S12*Settings!$D$12+AO12*Settings!$D$13)/Settings!$D$14,1)) -> 3.1 | U12: =IF('Field Teams'!$I$13="Inactive","",IF(Q12="","",IF(Q12>=4.5,"★★★★★",IF(Q12>=3.5,"★★★★☆",IF(Q12>=2.5,"★★★☆☆",IF(Q12>=1.5,"★★☆☆☆","★☆☆☆☆")))))) -> ★☆☆☆☆ | V12: =IF('Field Teams'!$I$13="Inactive","",IF(R12="","",IF(R12>=4.5,"★★★★★",IF(R12>=3.5,"★★★★☆",IF(R12>=2.5,"★★★☆☆",IF(R12>=1.5,"★★☆☆☆","★☆☆☆☆")))))) -> ★★★★★ | W12: =IF('Field Teams'!$I$13="Inactive","",IF(O12="","",IF(O12>=4.5,"★★★★★",IF(O12>=3.5,"★★★★☆",IF(O12>=2.5,"★★★☆☆",IF(O12>=1.5,"★★☆☆☆","★☆☆☆☆")))))) -> ★★★★★ | X12: =IF('Field Teams'!$I$13="Inactive","",IF(S12="","",IF(S12>=4.5,"★★★★★",IF(S12>=3.5,"★★★★☆",IF(S12>=2.5,"★★★☆☆",IF(S12>=1.5,"★★☆☆☆","★☆☆☆☆")))))) -> ★★★★★ | Y12: =IF('Field Teams'!$I$13="Inactive","",IF(AO12="","",IF(AO12>=4.5,"★★★★★",IF(AO12>=3.5,"★★★★☆",IF(AO12>=2.5,"★★★☆☆",IF(AO12>=1.5,"★★☆☆☆","★☆☆☆☆")))))) -> ★★★☆☆ | Z12: =IF('Field Teams'!$I$5="Inactive","",IF(T12="","",IF(T12>=4.5,"★★★★★",IF(T12>=3.5,"★★★★☆",IF(T12>=2.5,"★★★☆☆",IF(T12>=1.5,"★★☆☆☆","★☆☆☆☆")))))) -> ★★★☆☆ | AA12: =IF('Field Teams'!$I$13="Inactive","",IF(M12="YES","HIGH",IF(Q12<=Settings!$D$26,"HIGH",IF(T12<=Settings!$D$23,"HIGH",IF(T12<=Settings!$D$24,"MEDIUM","LOW"))))) -> HIGH | AB12: =IF('Field Teams'!$I$5="Inactive",-1,IFERROR((6-T12)+(77-ROW())*0.0001,0)) -> 2.9065 | AC12: =IF('Field Teams'!$I$5="Inactive",999,IFERROR((6-T12)+(ROW()-3)*0.0001,99)) -> 2.9009 | AD12: =IF('Field Teams'!$I$13="Inactive",999,IFERROR(AB12+(ROW()-3)*0.0001,99)) -> 2.9074 | AE12: 0 | AF12: =IF('Field Teams'!$I$13="Inactive","",IF(AA12="HIGH","YES - within 5 working days","")) -> YES - within 5 working days | AH12: =IFERROR(SUMPRODUCT(ISNUMBER(SEARCH(B12,'Pole Results'!$A$13:$A$2000))*('Pole Results'!$B$13:$B$2000>=$AG$3)*('Pole Results'!$B$13:$B$2000<=$AE$3)),0) -> 0 | AI12: =IFERROR(SUMPRODUCT(ISNUMBER(SEARCH(B12,'Pole Results'!$A$13:$A$2000))*('Pole Results'!$B$13:$B$2000>=$AG$3)*('Pole Results'!$B$13:$B$2000<=$AE$3)*('Pole Results'!$E$13:$E$2000="Compliant")),0) -> 0 | AK12: =IF('Field Teams'!$I$13="Inactive",-1,IF(AA12="HIGH",AB12,-1)) -> 2.9065 | AL12: =IF('Field Teams'!$I$13="Inactive",-1,IF(OR(AA12="HIGH",AA12="MEDIUM"),AB12,-1)) -> 2.9065 | AM12: =IF('Field Teams'!$I$13="Inactive","",IF(IFERROR(LOOKUP(2,1/('Historical Scores'!C13:N13<>""),'Historical Scores'!C13:N13),"")="","New",IF(T12=""," ",IF(T12>IFERROR(LOOKUP(2,1/('Historical Scores'!C13:N13<>""),'Historical Scores'!C13:N13),""),"▲ Worsening",IF(T12<IFERROR(LOOKUP(2,1/('Historical Scores'!C13:N13<>""),'Historical Scores'!C13:N13),""),"▼ Improving","► Stable"))))) -> New | AN12: =IFERROR(SUMPRODUCT((ISNUMBER(SEARCH(B12,'Data - SSV'!AE$6:AE$3000)))*('Data - SSV'!AF$6:AF$3000>=(AJ$3-90))*('Data - SSV'!AF$6:AF$3000<=AJ$3)*('Data - SSV'!AH$6:AH$3000<>"")),0) -> 0 | AO12: =IF('Field Teams'!$I$13="Inactive","",IF(AN12=0,3,IF(AN12=1,IF(IFERROR(SUMPRODUCT((ISNUMBER(SEARCH(B12,'Data - SSV'!AE$6:AE$3000)))*('Data - SSV'!AF$6:AF$3000>=(AJ$3-90))*('Data - SSV'!AF$6:AF$3000<=AJ$3)*('Data - SSV'!AH$6:AH$3000<>"")*IF('Data - SSV'!AH$6:AH$3000="",0,'Data - SSV'!AH$6:AH$3000))/AN12,3)=4,4,IF(IFERROR(SUMPRODUCT((ISNUMBER(SEARCH(B12,'Data - SSV'!AE$6:AE$3000)))*('Data - SSV'!AF$6:AF$3000>=(AJ$3-90))*('Data - SSV'!AF$6:AF$3000<=AJ$3)*('Data - SSV'!AH$6:AH$3000<>"")*IF('Data - SSV'!AH$6:AH$3000="",0,'Data - SSV'!AH$6:AH$3000))/AN12,3)>=3,3,IF(IFERROR(SUMPRODUCT((ISNUMBER(SEARCH(B12,'Data - SSV'!AE$6:AE$3000)))*('Data - SSV'!AF$6:AF$3000>=(AJ$3-90))*('Data - SSV'!AF$6:AF$3000<=AJ$3)*('Data - SSV'!AH$6:AH$3000<>"")*IF('Data - SSV'!AH$6:AH$3000="",0,'Data - SSV'!AH$6:AH$3000))/AN12,3)>=2,2,1))),IF(IFERROR(SUMPRODUCT((ISNUMBER(SEARCH(B12,'Data - SSV'!AE$6:AE$3000)))*('Data - SSV'!AF$6:AF$3000>=(AJ$3-90))*('Data - SSV'!AF$6:AF$3000<=AJ$3)*('Data - SSV'!AH$6:AH$3000<>"")*IF('Data - SSV'!AH$6:AH$3000="",0,'Data - SSV'!AH$6:AH$3000))/AN12,3)=4,5,IF(IFERROR(SUMPRODUCT((ISNUMBER(SEARCH(B12,'Data - SSV'!AE$6:AE$3000)))*('Data - SSV'!AF$6:AF$3000>=(AJ$3-90))*('Data - SSV'!AF$6:AF$3000<=AJ$3)*('Data - SSV'!AH$6:AH$3000<>"")*IF('Data - SSV'!AH$6:AH$3000="",0,'Data - SSV'!AH$6:AH$3000))/AN12,3)>=3.5,4,IF(IFERROR(SUMPRODUCT((ISNUMBER(SEARCH(B12,'Data - SSV'!AE$6:AE$3000)))*('Data - SSV'!AF$6:AF$3000>=(AJ$3-90))*('Data - SSV'!AF$6:AF$3000<=AJ$3)*('Data - SSV'!AH$6:AH$3000<>"")*IF('Data - SSV'!AH$6:AH$3000="",0,'Data - SSV'!AH$6:AH$3000))/AN12,3)>=3,3,IF(IFERROR(SUMPRODUCT((ISNUMBER(SEARCH(B12,'Data - SSV'!AE$6:AE$3000)))*('Data - SSV'!AF$6:AF$3000>=(AJ$3-90))*('Data - SSV'!AF$6:AF$3000<=AJ$3)*('Data - SSV'!AH$6:AH$3000<>"")*IF('Data - SSV'!AH$6:AH$3000="",0,'Data - SSV'!AH$6:AH$3000))/AN12,3)>=2,2,1))))))) -> 3
A13: ='Field Teams'!A14 -> FT-010 | B13: ='Field Teams'!B14 -> MAC Tree Surgery and Fencing Ltd | C13: ='Field Teams'!C14 -> Utility Arboriculture | D13: ='Field Teams'!D14 -> Donovan Gosher | E13: ='Field Teams'!E14 -> Barry Bright | F13: ='Field Teams'!F14 -> 0 | G13: ='Field Teams'!G14 -> 0 | H13: ='Field Teams'!H14 -> 3 | I13: =H13*2 -> 6 | J13: =IFERROR(SUMPRODUCT((((ISNUMBER(SEARCH(B13,'Data - HSQE Events'!V$6:V$3000))+ISNUMBER(SEARCH(B13,'Data - HSQE Events'!H$6:H$3000)))>0))*('Data - HSQE Events'!F$6:F$3000>=$AG$3)*('Data - HSQE Events'!F$6:F$3000<=$AJ$3)*('Data - HSQE Events'!R$6:R$3000="Opportunity")),0) -> 0 | K13: =IFERROR(SUMPRODUCT((((ISNUMBER(SEARCH(B13,'Data - HSQE Events'!V$6:V$3000))+ISNUMBER(SEARCH(B13,'Data - HSQE Events'!H$6:H$3000)))>0))*('Data - HSQE Events'!F$6:F$3000>=$AG$3)*('Data - HSQE Events'!F$6:F$3000<=$AJ$3)*('Data - HSQE Events'!R$6:R$3000="Minor")),0) -> 0 | L13: =IFERROR(SUMPRODUCT((((ISNUMBER(SEARCH(B13,'Data - HSQE Events'!V$6:V$3000))+ISNUMBER(SEARCH(B13,'Data - HSQE Events'!H$6:H$3000)))>0))*('Data - HSQE Events'!F$6:F$3000>=$AG$3)*('Data - HSQE Events'!F$6:F$3000<=$AJ$3)*(('Data - HSQE Events'!R$6:R$3000="Moderate")+('Data - HSQE Events'!R$6:R$3000="Major"))),0) -> 0 | M13: =IF(IFERROR(SUMPRODUCT((((ISNUMBER(SEARCH(B13,'Data - HSQE Events'!V$6:V$3000))+ISNUMBER(SEARCH(B13,'Data - HSQE Events'!H$6:H$3000)))>0))*('Data - HSQE Events'!F$6:F$3000>=$AG$3)*('Data - HSQE Events'!F$6:F$3000<=$AJ$3)*('Data - HSQE Events'!R$6:R$3000="Major")),0)>0,"YES","NO") -> NO | N13: =IFERROR(SUMPRODUCT(('Data - Skillko'!B$6:B$3000=B13)*('Data - Skillko'!C$6:C$3000="Total")*('Data - Skillko'!E$6:E$3000))*100,0) -> 98 | O13: =ROUND(MAX(1,MIN(5,1+N13/100*4)),1) -> 4.9 | P13: =IFERROR(SUMPRODUCT(ISNUMBER(SEARCH(B13,'Pole Results'!$A$13:$A$2000))*('Pole Results'!$B$13:$B$2000>=$AG$3)*('Pole Results'!$B$13:$B$2000<=$AE$3)*('Pole Results'!$E$13:$E$2000="Non-Compliant")),0) -> 0 | Q13: =IF(I13=0,1,IFERROR(ROUND(MAX(1,MIN(5,1+J13/I13*4)),1),3)) -> 1 | R13: =ROUND(6-MAX(MIN(5,K13*0.8+1),MIN(5,L13*2+1)),1) -> 5 | S13: =IFERROR(ROUND(MAX(1,MIN(5,5-(P13/MAX(1,AI13))*4)),1),5) -> 5 | T13: =IF('Field Teams'!$I$14="Inactive","",ROUND((Q13*Settings!$D$6+R13*Settings!$D$7+O13*Settings!$D$10+S13*Settings!$D$12+AO13*Settings!$D$13)/Settings!$D$14,1)) -> 3.1 | U13: =IF('Field Teams'!$I$14="Inactive","",IF(Q13="","",IF(Q13>=4.5,"★★★★★",IF(Q13>=3.5,"★★★★☆",IF(Q13>=2.5,"★★★☆☆",IF(Q13>=1.5,"★★☆☆☆","★☆☆☆☆")))))) -> ★☆☆☆☆ | V13: =IF('Field Teams'!$I$14="Inactive","",IF(R13="","",IF(R13>=4.5,"★★★★★",IF(R13>=3.5,"★★★★☆",IF(R13>=2.5,"★★★☆☆",IF(R13>=1.5,"★★☆☆☆","★☆☆☆☆")))))) -> ★★★★★ | W13: =IF('Field Teams'!$I$14="Inactive","",IF(O13="","",IF(O13>=4.5,"★★★★★",IF(O13>=3.5,"★★★★☆",IF(O13>=2.5,"★★★☆☆",IF(O13>=1.5,"★★☆☆☆","★☆☆☆☆")))))) -> ★★★★★ | X13: =IF('Field Teams'!$I$14="Inactive","",IF(S13="","",IF(S13>=4.5,"★★★★★",IF(S13>=3.5,"★★★★☆",IF(S13>=2.5,"★★★☆☆",IF(S13>=1.5,"★★☆☆☆","★☆☆☆☆")))))) -> ★★★★★ | Y13: =IF('Field Teams'!$I$14="Inactive","",IF(AO13="","",IF(AO13>=4.5,"★★★★★",IF(AO13>=3.5,"★★★★☆",IF(AO13>=2.5,"★★★☆☆",IF(AO13>=1.5,"★★☆☆☆","★☆☆☆☆")))))) -> ★★★☆☆ | Z13: =IF('Field Teams'!$I$5="Inactive","",IF(T13="","",IF(T13>=4.5,"★★★★★",IF(T13>=3.5,"★★★★☆",IF(T13>=2.5,"★★★☆☆",IF(T13>=1.5,"★★☆☆☆","★☆☆☆☆")))))) -> ★★★☆☆ | AA13: =IF('Field Teams'!$I$14="Inactive","",IF(M13="YES","HIGH",IF(Q13<=Settings!$D$26,"HIGH",IF(T13<=Settings!$D$23,"HIGH",IF(T13<=Settings!$D$24,"MEDIUM","LOW"))))) -> HIGH | AB13: =IF('Field Teams'!$I$5="Inactive",-1,IFERROR((6-T13)+(77-ROW())*0.0001,0)) -> 2.9064 | AC13: =IF('Field Teams'!$I$5="Inactive",999,IFERROR((6-T13)+(ROW()-3)*0.0001,99)) -> 2.901 | AD13: =IF('Field Teams'!$I$14="Inactive",999,IFERROR(AB13+(ROW()-3)*0.0001,99)) -> 2.9074 | AE13: 0 | AF13: =IF('Field Teams'!$I$14="Inactive","",IF(AA13="HIGH","YES - within 5 working days","")) -> YES - within 5 working days | AH13: =IFERROR(SUMPRODUCT(ISNUMBER(SEARCH(B13,'Pole Results'!$A$13:$A$2000))*('Pole Results'!$B$13:$B$2000>=$AG$3)*('Pole Results'!$B$13:$B$2000<=$AE$3)),0) -> 0 | AI13: =IFERROR(SUMPRODUCT(ISNUMBER(SEARCH(B13,'Pole Results'!$A$13:$A$2000))*('Pole Results'!$B$13:$B$2000>=$AG$3)*('Pole Results'!$B$13:$B$2000<=$AE$3)*('Pole Results'!$E$13:$E$2000="Compliant")),0) -> 0 | AK13: =IF('Field Teams'!$I$14="Inactive",-1,IF(AA13="HIGH",AB13,-1)) -> 2.9064 | AL13: =IF('Field Teams'!$I$14="Inactive",-1,IF(OR(AA13="HIGH",AA13="MEDIUM"),AB13,-1)) -> 2.9064 | AM13: =IF('Field Teams'!$I$14="Inactive","",IF(IFERROR(LOOKUP(2,1/('Historical Scores'!C14:N14<>""),'Historical Scores'!C14:N14),"")="","New",IF(T13=""," ",IF(T13>IFERROR(LOOKUP(2,1/('Historical Scores'!C14:N14<>""),'Historical Scores'!C14:N14),""),"▲ Worsening",IF(T13<IFERROR(LOOKUP(2,1/('Historical Scores'!C14:N14<>""),'Historical Scores'!C14:N14),""),"▼ Improving","► Stable"))))) -> New | AN13: =IFERROR(SUMPRODUCT((ISNUMBER(SEARCH(B13,'Data - SSV'!AE$6:AE$3000)))*('Data - SSV'!AF$6:AF$3000>=(AJ$3-90))*('Data - SSV'!AF$6:AF$3000<=AJ$3)*('Data - SSV'!AH$6:AH$3000<>"")),0) -> 0 | AO13: =IF('Field Teams'!$I$14="Inactive","",IF(AN13=0,3,IF(AN13=1,IF(IFERROR(SUMPRODUCT((ISNUMBER(SEARCH(B13,'Data - SSV'!AE$6:AE$3000)))*('Data - SSV'!AF$6:AF$3000>=(AJ$3-90))*('Data - SSV'!AF$6:AF$3000<=AJ$3)*('Data - SSV'!AH$6:AH$3000<>"")*IF('Data - SSV'!AH$6:AH$3000="",0,'Data - SSV'!AH$6:AH$3000))/AN13,3)=4,4,IF(IFERROR(SUMPRODUCT((ISNUMBER(SEARCH(B13,'Data - SSV'!AE$6:AE$3000)))*('Data - SSV'!AF$6:AF$3000>=(AJ$3-90))*('Data - SSV'!AF$6:AF$3000<=AJ$3)*('Data - SSV'!AH$6:AH$3000<>"")*IF('Data - SSV'!AH$6:AH$3000="",0,'Data - SSV'!AH$6:AH$3000))/AN13,3)>=3,3,IF(IFERROR(SUMPRODUCT((ISNUMBER(SEARCH(B13,'Data - SSV'!AE$6:AE$3000)))*('Data - SSV'!AF$6:AF$3000>=(AJ$3-90))*('Data - SSV'!AF$6:AF$3000<=AJ$3)*('Data - SSV'!AH$6:AH$3000<>"")*IF('Data - SSV'!AH$6:AH$3000="",0,'Data - SSV'!AH$6:AH$3000))/AN13,3)>=2,2,1))),IF(IFERROR(SUMPRODUCT((ISNUMBER(SEARCH(B13,'Data - SSV'!AE$6:AE$3000)))*('Data - SSV'!AF$6:AF$3000>=(AJ$3-90))*('Data - SSV'!AF$6:AF$3000<=AJ$3)*('Data - SSV'!AH$6:AH$3000<>"")*IF('Data - SSV'!AH$6:AH$3000="",0,'Data - SSV'!AH$6:AH$3000))/AN13,3)=4,5,IF(IFERROR(SUMPRODUCT((ISNUMBER(SEARCH(B13,'Data - SSV'!AE$6:AE$3000)))*('Data - SSV'!AF$6:AF$3000>=(AJ$3-90))*('Data - SSV'!AF$6:AF$3000<=AJ$3)*('Data - SSV'!AH$6:AH$3000<>"")*IF('Data - SSV'!AH$6:AH$3000="",0,'Data - SSV'!AH$6:AH$3000))/AN13,3)>=3.5,4,IF(IFERROR(SUMPRODUCT((ISNUMBER(SEARCH(B13,'Data - SSV'!AE$6:AE$3000)))*('Data - SSV'!AF$6:AF$3000>=(AJ$3-90))*('Data - SSV'!AF$6:AF$3000<=AJ$3)*('Data - SSV'!AH$6:AH$3000<>"")*IF('Data - SSV'!AH$6:AH$3000="",0,'Data - SSV'!AH$6:AH$3000))/AN13,3)>=3,3,IF(IFERROR(SUMPRODUCT((ISNUMBER(SEARCH(B13,'Data - SSV'!AE$6:AE$3000)))*('Data - SSV'!AF$6:AF$3000>=(AJ$3-90))*('Data - SSV'!AF$6:AF$3000<=AJ$3)*('Data - SSV'!AH$6:AH$3000<>"")*IF('Data - SSV'!AH$6:AH$3000="",0,'Data - SSV'!AH$6:AH$3000))/AN13,3)>=2,2,1))))))) -> 3
A14: ='Field Teams'!A15 -> FT-011 | B14: ='Field Teams'!B15 -> Optimum Tree Services | C14: ='Field Teams'!C15 -> Utility Arboriculture | D14: ='Field Teams'!D15 -> Donovan Gosher | E14: ='Field Teams'!E15 -> Barry Bright | F14: ='Field Teams'!F15 -> 0 | G14: ='Field Teams'!G15 -> 0 | H14: ='Field Teams'!H15 -> 2 | I14: =H14*2 -> 4 | J14: =IFERROR(SUMPRODUCT((((ISNUMBER(SEARCH(B14,'Data - HSQE Events'!V$6:V$3000))+ISNUMBER(SEARCH(B14,'Data - HSQE Events'!H$6:H$3000)))>0))*('Data - HSQE Events'!F$6:F$3000>=$AG$3)*('Data - HSQE Events'!F$6:F$3000<=$AJ$3)*('Data - HSQE Events'!R$6:R$3000="Opportunity")),0) -> 0 | K14: =IFERROR(SUMPRODUCT((((ISNUMBER(SEARCH(B14,'Data - HSQE Events'!V$6:V$3000))+ISNUMBER(SEARCH(B14,'Data - HSQE Events'!H$6:H$3000)))>0))*('Data - HSQE Events'!F$6:F$3000>=$AG$3)*('Data - HSQE Events'!F$6:F$3000<=$AJ$3)*('Data - HSQE Events'!R$6:R$3000="Minor")),0) -> 0 | L14: =IFERROR(SUMPRODUCT((((ISNUMBER(SEARCH(B14,'Data - HSQE Events'!V$6:V$3000))+ISNUMBER(SEARCH(B14,'Data - HSQE Events'!H$6:H$3000)))>0))*('Data - HSQE Events'!F$6:F$3000>=$AG$3)*('Data - HSQE Events'!F$6:F$3000<=$AJ$3)*(('Data - HSQE Events'!R$6:R$3000="Moderate")+('Data - HSQE Events'!R$6:R$3000="Major"))),0) -> 0 | M14: =IF(IFERROR(SUMPRODUCT((((ISNUMBER(SEARCH(B14,'Data - HSQE Events'!V$6:V$3000))+ISNUMBER(SEARCH(B14,'Data - HSQE Events'!H$6:H$3000)))>0))*('Data - HSQE Events'!F$6:F$3000>=$AG$3)*('Data - HSQE Events'!F$6:F$3000<=$AJ$3)*('Data - HSQE Events'!R$6:R$3000="Major")),0)>0,"YES","NO") -> NO | N14: =IFERROR(SUMPRODUCT(('Data - Skillko'!B$6:B$3000=B14)*('Data - Skillko'!C$6:C$3000="Total")*('Data - Skillko'!E$6:E$3000))*100,0) -> 85 | O14: =ROUND(MAX(1,MIN(5,1+N14/100*4)),1) -> 4.4 | P14: =IFERROR(SUMPRODUCT(ISNUMBER(SEARCH(B14,'Pole Results'!$A$13:$A$2000))*('Pole Results'!$B$13:$B$2000>=$AG$3)*('Pole Results'!$B$13:$B$2000<=$AE$3)*('Pole Results'!$E$13:$E$2000="Non-Compliant")),0) -> 0 | Q14: =IF(I14=0,1,IFERROR(ROUND(MAX(1,MIN(5,1+J14/I14*4)),1),3)) -> 1 | R14: =ROUND(6-MAX(MIN(5,K14*0.8+1),MIN(5,L14*2+1)),1) -> 5 | S14: =IFERROR(ROUND(MAX(1,MIN(5,5-(P14/MAX(1,AI14))*4)),1),5) -> 5 | T14: =IF('Field Teams'!$I$15="Inactive","",ROUND((Q14*Settings!$D$6+R14*Settings!$D$7+O14*Settings!$D$10+S14*Settings!$D$12+AO14*Settings!$D$13)/Settings!$D$14,1)) -> 3 | U14: =IF('Field Teams'!$I$15="Inactive","",IF(Q14="","",IF(Q14>=4.5,"★★★★★",IF(Q14>=3.5,"★★★★☆",IF(Q14>=2.5,"★★★☆☆",IF(Q14>=1.5,"★★☆☆☆","★☆☆☆☆")))))) -> ★☆☆☆☆ | V14: =IF('Field Teams'!$I$15="Inactive","",IF(R14="","",IF(R14>=4.5,"★★★★★",IF(R14>=3.5,"★★★★☆",IF(R14>=2.5,"★★★☆☆",IF(R14>=1.5,"★★☆☆☆","★☆☆☆☆")))))) -> ★★★★★ | W14: =IF('Field Teams'!$I$15="Inactive","",IF(O14="","",IF(O14>=4.5,"★★★★★",IF(O14>=3.5,"★★★★☆",IF(O14>=2.5,"★★★☆☆",IF(O14>=1.5,"★★☆☆☆","★☆☆☆☆")))))) -> ★★★★☆ | X14: =IF('Field Teams'!$I$15="Inactive","",IF(S14="","",IF(S14>=4.5,"★★★★★",IF(S14>=3.5,"★★★★☆",IF(S14>=2.5,"★★★☆☆",IF(S14>=1.5,"★★☆☆☆","★☆☆☆☆")))))) -> ★★★★★ | Y14: =IF('Field Teams'!$I$15="Inactive","",IF(AO14="","",IF(AO14>=4.5,"★★★★★",IF(AO14>=3.5,"★★★★☆",IF(AO14>=2.5,"★★★☆☆",IF(AO14>=1.5,"★★☆☆☆","★☆☆☆☆")))))) -> ★★★☆☆ | Z14: =IF('Field Teams'!$I$5="Inactive","",IF(T14="","",IF(T14>=4.5,"★★★★★",IF(T14>=3.5,"★★★★☆",IF(T14>=2.5,"★★★☆☆",IF(T14>=1.5,"★★☆☆☆","★☆☆☆☆")))))) -> ★★★☆☆ | AA14: =IF('Field Teams'!$I$15="Inactive","",IF(M14="YES","HIGH",IF(Q14<=Settings!$D$26,"HIGH",IF(T14<=Settings!$D$23,"HIGH",IF(T14<=Settings!$D$24,"MEDIUM","LOW"))))) -> HIGH | AB14: =IF('Field Teams'!$I$5="Inactive",-1,IFERROR((6-T14)+(77-ROW())*0.0001,0)) -> 3.0063 | AC14: =IF('Field Teams'!$I$5="Inactive",999,IFERROR((6-T14)+(ROW()-3)*0.0001,99)) -> 3.0011 | AD14: =IF('Field Teams'!$I$15="Inactive",999,IFERROR(AB14+(ROW()-3)*0.0001,99)) -> 3.0074 | AE14: 0 | AF14: =IF('Field Teams'!$I$15="Inactive","",IF(AA14="HIGH","YES - within 5 working days","")) -> YES - within 5 working days | AH14: =IFERROR(SUMPRODUCT(ISNUMBER(SEARCH(B14,'Pole Results'!$A$13:$A$2000))*('Pole Results'!$B$13:$B$2000>=$AG$3)*('Pole Results'!$B$13:$B$2000<=$AE$3)),0) -> 0 | AI14: =IFERROR(SUMPRODUCT(ISNUMBER(SEARCH(B14,'Pole Results'!$A$13:$A$2000))*('Pole Results'!$B$13:$B$2000>=$AG$3)*('Pole Results'!$B$13:$B$2000<=$AE$3)*('Pole Results'!$E$13:$E$2000="Compliant")),0) -> 0 | AK14: =IF('Field Teams'!$I$15="Inactive",-1,IF(AA14="HIGH",AB14,-1)) -> 3.0063 | AL14: =IF('Field Teams'!$I$15="Inactive",-1,IF(OR(AA14="HIGH",AA14="MEDIUM"),AB14,-1)) -> 3.0063 | AM14: =IF('Field Teams'!$I$15="Inactive","",IF(IFERROR(LOOKUP(2,1/('Historical Scores'!C15:N15<>""),'Historical Scores'!C15:N15),"")="","New",IF(T14=""," ",IF(T14>IFERROR(LOOKUP(2,1/('Historical Scores'!C15:N15<>""),'Historical Scores'!C15:N15),""),"▲ Worsening",IF(T14<IFERROR(LOOKUP(2,1/('Historical Scores'!C15:N15<>""),'Historical Scores'!C15:N15),""),"▼ Improving","► Stable"))))) -> New | AN14: =IFERROR(SUMPRODUCT((ISNUMBER(SEARCH(B14,'Data - SSV'!AE$6:AE$3000)))*('Data - SSV'!AF$6:AF$3000>=(AJ$3-90))*('Data - SSV'!AF$6:AF$3000<=AJ$3)*('Data - SSV'!AH$6:AH$3000<>"")),0) -> 0 | AO14: =IF('Field Teams'!$I$15="Inactive","",IF(AN14=0,3,IF(AN14=1,IF(IFERROR(SUMPRODUCT((ISNUMBER(SEARCH(B14,'Data - SSV'!AE$6:AE$3000)))*('Data - SSV'!AF$6:AF$3000>=(AJ$3-90))*('Data - SSV'!AF$6:AF$3000<=AJ$3)*('Data - SSV'!AH$6:AH$3000<>"")*IF('Data - SSV'!AH$6:AH$3000="",0,'Data - SSV'!AH$6:AH$3000))/AN14,3)=4,4,IF(IFERROR(SUMPRODUCT((ISNUMBER(SEARCH(B14,'Data - SSV'!AE$6:AE$3000)))*('Data - SSV'!AF$6:AF$3000>=(AJ$3-90))*('Data - SSV'!AF$6:AF$3000<=AJ$3)*('Data - SSV'!AH$6:AH$3000<>"")*IF('Data - SSV'!AH$6:AH$3000="",0,'Data - SSV'!AH$6:AH$3000))/AN14,3)>=3,3,IF(IFERROR(SUMPRODUCT((ISNUMBER(SEARCH(B14,'Data - SSV'!AE$6:AE$3000)))*('Data - SSV'!AF$6:AF$3000>=(AJ$3-90))*('Data - SSV'!AF$6:AF$3000<=AJ$3)*('Data - SSV'!AH$6:AH$3000<>"")*IF('Data - SSV'!AH$6:AH$3000="",0,'Data - SSV'!AH$6:AH$3000))/AN14,3)>=2,2,1))),IF(IFERROR(SUMPRODUCT((ISNUMBER(SEARCH(B14,'Data - SSV'!AE$6:AE$3000)))*('Data - SSV'!AF$6:AF$3000>=(AJ$3-90))*('Data - SSV'!AF$6:AF$3000<=AJ$3)*('Data - SSV'!AH$6:AH$3000<>"")*IF('Data - SSV'!AH$6:AH$3000="",0,'Data - SSV'!AH$6:AH$3000))/AN14,3)=4,5,IF(IFERROR(SUMPRODUCT((ISNUMBER(SEARCH(B14,'Data - SSV'!AE$6:AE$3000)))*('Data - SSV'!AF$6:AF$3000>=(AJ$3-90))*('Data - SSV'!AF$6:AF$3000<=AJ$3)*('Data - SSV'!AH$6:AH$3000<>"")*IF('Data - SSV'!AH$6:AH$3000="",0,'Data - SSV'!AH$6:AH$3000))/AN14,3)>=3.5,4,IF(IFERROR(SUMPRODUCT((ISNUMBER(SEARCH(B14,'Data - SSV'!AE$6:AE$3000)))*('Data - SSV'!AF$6:AF$3000>=(AJ$3-90))*('Data - SSV'!AF$6:AF$3000<=AJ$3)*('Data - SSV'!AH$6:AH$3000<>"")*IF('Data - SSV'!AH$6:AH$3000="",0,'Data - SSV'!AH$6:AH$3000))/AN14,3)>=3,3,IF(IFERROR(SUMPRODUCT((ISNUMBER(SEARCH(B14,'Data - SSV'!AE$6:AE$3000)))*('Data - SSV'!AF$6:AF$3000>=(AJ$3-90))*('Data - SSV'!AF$6:AF$3000<=AJ$3)*('Data - SSV'!AH$6:AH$3000<>"")*IF('Data - SSV'!AH$6:AH$3000="",0,'Data - SSV'!AH$6:AH$3000))/AN14,3)>=2,2,1))))))) -> 3
A15: ='Field Teams'!A16 -> FT-012 | B15: ='Field Teams'!B16 -> S6 Tree Specialists Ltd | C15: ='Field Teams'!C16 -> Utility Arboriculture | D15: ='Field Teams'!D16 -> Donovan Gosher | E15: ='Field Teams'!E16 -> Barry Bright | F15: ='Field Teams'!F16 -> 0 | G15: ='Field Teams'!G16 -> 0 | H15: ='Field Teams'!H16 -> 2 | I15: =H15*2 -> 4 | J15: =IFERROR(SUMPRODUCT((((ISNUMBER(SEARCH(B15,'Data - HSQE Events'!V$6:V$3000))+ISNUMBER(SEARCH(B15,'Data - HSQE Events'!H$6:H$3000)))>0))*('Data - HSQE Events'!F$6:F$3000>=$AG$3)*('Data - HSQE Events'!F$6:F$3000<=$AJ$3)*('Data - HSQE Events'!R$6:R$3000="Opportunity")),0) -> 0 | K15: =IFERROR(SUMPRODUCT((((ISNUMBER(SEARCH(B15,'Data - HSQE Events'!V$6:V$3000))+ISNUMBER(SEARCH(B15,'Data - HSQE Events'!H$6:H$3000)))>0))*('Data - HSQE Events'!F$6:F$3000>=$AG$3)*('Data - HSQE Events'!F$6:F$3000<=$AJ$3)*('Data - HSQE Events'!R$6:R$3000="Minor")),0) -> 0 | L15: =IFERROR(SUMPRODUCT((((ISNUMBER(SEARCH(B15,'Data - HSQE Events'!V$6:V$3000))+ISNUMBER(SEARCH(B15,'Data - HSQE Events'!H$6:H$3000)))>0))*('Data - HSQE Events'!F$6:F$3000>=$AG$3)*('Data - HSQE Events'!F$6:F$3000<=$AJ$3)*(('Data - HSQE Events'!R$6:R$3000="Moderate")+('Data - HSQE Events'!R$6:R$3000="Major"))),0) -> 0 | M15: =IF(IFERROR(SUMPRODUCT((((ISNUMBER(SEARCH(B15,'Data - HSQE Events'!V$6:V$3000))+ISNUMBER(SEARCH(B15,'Data - HSQE Events'!H$6:H$3000)))>0))*('Data - HSQE Events'!F$6:F$3000>=$AG$3)*('Data - HSQE Events'!F$6:F$3000<=$AJ$3)*('Data - HSQE Events'!R$6:R$3000="Major")),0)>0,"YES","NO") -> NO | N15: =IFERROR(SUMPRODUCT(('Data - Skillko'!B$6:B$3000=B15)*('Data - Skillko'!C$6:C$3000="Total")*('Data - Skillko'!E$6:E$3000))*100,0) -> 89 | O15: =ROUND(MAX(1,MIN(5,1+N15/100*4)),1) -> 4.6 | P15: =IFERROR(SUMPRODUCT(ISNUMBER(SEARCH(B15,'Pole Results'!$A$13:$A$2000))*('Pole Results'!$B$13:$B$2000>=$AG$3)*('Pole Results'!$B$13:$B$2000<=$AE$3)*('Pole Results'!$E$13:$E$2000="Non-Compliant")),0) -> 0 | Q15: =IF(I15=0,1,IFERROR(ROUND(MAX(1,MIN(5,1+J15/I15*4)),1),3)) -> 1 | R15: =ROUND(6-MAX(MIN(5,K15*0.8+1),MIN(5,L15*2+1)),1) -> 5 | S15: =IFERROR(ROUND(MAX(1,MIN(5,5-(P15/MAX(1,AI15))*4)),1),5) -> 5 | T15: =IF('Field Teams'!$I$16="Inactive","",ROUND((Q15*Settings!$D$6+R15*Settings!$D$7+O15*Settings!$D$10+S15*Settings!$D$12+AO15*Settings!$D$13)/Settings!$D$14,1)) -> 3.1 | U15: =IF('Field Teams'!$I$16="Inactive","",IF(Q15="","",IF(Q15>=4.5,"★★★★★",IF(Q15>=3.5,"★★★★☆",IF(Q15>=2.5,"★★★☆☆",IF(Q15>=1.5,"★★☆☆☆","★☆☆☆☆")))))) -> ★☆☆☆☆ | V15: =IF('Field Teams'!$I$16="Inactive","",IF(R15="","",IF(R15>=4.5,"★★★★★",IF(R15>=3.5,"★★★★☆",IF(R15>=2.5,"★★★☆☆",IF(R15>=1.5,"★★☆☆☆","★☆☆☆☆")))))) -> ★★★★★ | W15: =IF('Field Teams'!$I$16="Inactive","",IF(O15="","",IF(O15>=4.5,"★★★★★",IF(O15>=3.5,"★★★★☆",IF(O15>=2.5,"★★★☆☆",IF(O15>=1.5,"★★☆☆☆","★☆☆☆☆")))))) -> ★★★★★ | X15: =IF('Field Teams'!$I$16="Inactive","",IF(S15="","",IF(S15>=4.5,"★★★★★",IF(S15>=3.5,"★★★★☆",IF(S15>=2.5,"★★★☆☆",IF(S15>=1.5,"★★☆☆☆","★☆☆☆☆")))))) -> ★★★★★ | Y15: =IF('Field Teams'!$I$16="Inactive","",IF(AO15="","",IF(AO15>=4.5,"★★★★★",IF(AO15>=3.5,"★★★★☆",IF(AO15>=2.5,"★★★☆☆",IF(AO15>=1.5,"★★☆☆☆","★☆☆☆☆")))))) -> ★★★☆☆ | Z15: =IF('Field Teams'!$I$5="Inactive","",IF(T15="","",IF(T15>=4.5,"★★★★★",IF(T15>=3.5,"★★★★☆",IF(T15>=2.5,"★★★☆☆",IF(T15>=1.5,"★★☆☆☆","★☆☆☆☆")))))) -> ★★★☆☆ | AA15: =IF('Field Teams'!$I$16="Inactive","",IF(M15="YES","HIGH",IF(Q15<=Settings!$D$26,"HIGH",IF(T15<=Settings!$D$23,"HIGH",IF(T15<=Settings!$D$24,"MEDIUM","LOW"))))) -> HIGH | AB15: =IF('Field Teams'!$I$5="Inactive",-1,IFERROR((6-T15)+(77-ROW())*0.0001,0)) -> 2.9062 | AC15: =IF('Field Teams'!$I$5="Inactive",999,IFERROR((6-T15)+(ROW()-3)*0.0001,99)) -> 2.9012 | AD15: =IF('Field Teams'!$I$16="Inactive",999,IFERROR(AB15+(ROW()-3)*0.0001,99)) -> 2.9074 | AE15: 0 | AF15: =IF('Field Teams'!$I$16="Inactive","",IF(AA15="HIGH","YES - within 5 working days","")) -> YES - within 5 working days | AH15: =IFERROR(SUMPRODUCT(ISNUMBER(SEARCH(B15,'Pole Results'!$A$13:$A$2000))*('Pole Results'!$B$13:$B$2000>=$AG$3)*('Pole Results'!$B$13:$B$2000<=$AE$3)),0) -> 0 | AI15: =IFERROR(SUMPRODUCT(ISNUMBER(SEARCH(B15,'Pole Results'!$A$13:$A$2000))*('Pole Results'!$B$13:$B$2000>=$AG$3)*('Pole Results'!$B$13:$B$2000<=$AE$3)*('Pole Results'!$E$13:$E$2000="Compliant")),0) -> 0 | AK15: =IF('Field Teams'!$I$16="Inactive",-1,IF(AA15="HIGH",AB15,-1)) -> 2.9062 | AL15: =IF('Field Teams'!$I$16="Inactive",-1,IF(OR(AA15="HIGH",AA15="MEDIUM"),AB15,-1)) -> 2.9062 | AM15: =IF('Field Teams'!$I$16="Inactive","",IF(IFERROR(LOOKUP(2,1/('Historical Scores'!C16:N16<>""),'Historical Scores'!C16:N16),"")="","New",IF(T15=""," ",IF(T15>IFERROR(LOOKUP(2,1/('Historical Scores'!C16:N16<>""),'Historical Scores'!C16:N16),""),"▲ Worsening",IF(T15<IFERROR(LOOKUP(2,1/('Historical Scores'!C16:N16<>""),'Historical Scores'!C16:N16),""),"▼ Improving","► Stable"))))) -> New | AN15: =IFERROR(SUMPRODUCT((ISNUMBER(SEARCH(B15,'Data - SSV'!AE$6:AE$3000)))*('Data - SSV'!AF$6:AF$3000>=(AJ$3-90))*('Data - SSV'!AF$6:AF$3000<=AJ$3)*('Data - SSV'!AH$6:AH$3000<>"")),0) -> 0 | AO15: =IF('Field Teams'!$I$16="Inactive","",IF(AN15=0,3,IF(AN15=1,IF(IFERROR(SUMPRODUCT((ISNUMBER(SEARCH(B15,'Data - SSV'!AE$6:AE$3000)))*('Data - SSV'!AF$6:AF$3000>=(AJ$3-90))*('Data - SSV'!AF$6:AF$3000<=AJ$3)*('Data - SSV'!AH$6:AH$3000<>"")*IF('Data - SSV'!AH$6:AH$3000="",0,'Data - SSV'!AH$6:AH$3000))/AN15,3)=4,4,IF(IFERROR(SUMPRODUCT((ISNUMBER(SEARCH(B15,'Data - SSV'!AE$6:AE$3000)))*('Data - SSV'!AF$6:AF$3000>=(AJ$3-90))*('Data - SSV'!AF$6:AF$3000<=AJ$3)*('Data - SSV'!AH$6:AH$3000<>"")*IF('Data - SSV'!AH$6:AH$3000="",0,'Data - SSV'!AH$6:AH$3000))/AN15,3)>=3,3,IF(IFERROR(SUMPRODUCT((ISNUMBER(SEARCH(B15,'Data - SSV'!AE$6:AE$3000)))*('Data - SSV'!AF$6:AF$3000>=(AJ$3-90))*('Data - SSV'!AF$6:AF$3000<=AJ$3)*('Data - SSV'!AH$6:AH$3000<>"")*IF('Data - SSV'!AH$6:AH$3000="",0,'Data - SSV'!AH$6:AH$3000))/AN15,3)>=2,2,1))),IF(IFERROR(SUMPRODUCT((ISNUMBER(SEARCH(B15,'Data - SSV'!AE$6:AE$3000)))*('Data - SSV'!AF$6:AF$3000>=(AJ$3-90))*('Data - SSV'!AF$6:AF$3000<=AJ$3)*('Data - SSV'!AH$6:AH$3000<>"")*IF('Data - SSV'!AH$6:AH$3000="",0,'Data - SSV'!AH$6:AH$3000))/AN15,3)=4,5,IF(IFERROR(SUMPRODUCT((ISNUMBER(SEARCH(B15,'Data - SSV'!AE$6:AE$3000)))*('Data - SSV'!AF$6:AF$3000>=(AJ$3-90))*('Data - SSV'!AF$6:AF$3000<=AJ$3)*('Data - SSV'!AH$6:AH$3000<>"")*IF('Data - SSV'!AH$6:AH$3000="",0,'Data - SSV'!AH$6:AH$3000))/AN15,3)>=3.5,4,IF(IFERROR(SUMPRODUCT((ISNUMBER(SEARCH(B15,'Data - SSV'!AE$6:AE$3000)))*('Data - SSV'!AF$6:AF$3000>=(AJ$3-90))*('Data - SSV'!AF$6:AF$3000<=AJ$3)*('Data - SSV'!AH$6:AH$3000<>"")*IF('Data - SSV'!AH$6:AH$3000="",0,'Data - SSV'!AH$6:AH$3000))/AN15,3)>=3,3,IF(IFERROR(SUMPRODUCT((ISNUMBER(SEARCH(B15,'Data - SSV'!AE$6:AE$3000)))*('Data - SSV'!AF$6:AF$3000>=(AJ$3-90))*('Data - SSV'!AF$6:AF$3000<=AJ$3)*('Data - SSV'!AH$6:AH$3000<>"")*IF('Data - SSV'!AH$6:AH$3000="",0,'Data - SSV'!AH$6:AH$3000))/AN15,3)>=2,2,1))))))) -> 3
A16: ='Field Teams'!A17 -> FT-013 | B16: ='Field Teams'!B17 -> Tree Tech Suffolk Ltd | C16: ='Field Teams'!C17 -> Utility Arboriculture | D16: ='Field Teams'!D17 -> Donovan Gosher | E16: ='Field Teams'!E17 -> Barry Bright | F16: ='Field Teams'!F17 -> 0 | G16: ='Field Teams'!G17 -> 0 | H16: ='Field Teams'!H17 -> 3 | I16: =H16*2 -> 6 | J16: =IFERROR(SUMPRODUCT((((ISNUMBER(SEARCH(B16,'Data - HSQE Events'!V$6:V$3000))+ISNUMBER(SEARCH(B16,'Data - HSQE Events'!H$6:H$3000)))>0))*('Data - HSQE Events'!F$6:F$3000>=$AG$3)*('Data - HSQE Events'!F$6:F$3000<=$AJ$3)*('Data - HSQE Events'!R$6:R$3000="Opportunity")),0) -> 0 | K16: =IFERROR(SUMPRODUCT((((ISNUMBER(SEARCH(B16,'Data - HSQE Events'!V$6:V$3000))+ISNUMBER(SEARCH(B16,'Data - HSQE Events'!H$6:H$3000)))>0))*('Data - HSQE Events'!F$6:F$3000>=$AG$3)*('Data - HSQE Events'!F$6:F$3000<=$AJ$3)*('Data - HSQE Events'!R$6:R$3000="Minor")),0) -> 0 | L16: =IFERROR(SUMPRODUCT((((ISNUMBER(SEARCH(B16,'Data - HSQE Events'!V$6:V$3000))+ISNUMBER(SEARCH(B16,'Data - HSQE Events'!H$6:H$3000)))>0))*('Data - HSQE Events'!F$6:F$3000>=$AG$3)*('Data - HSQE Events'!F$6:F$3000<=$AJ$3)*(('Data - HSQE Events'!R$6:R$3000="Moderate")+('Data - HSQE Events'!R$6:R$3000="Major"))),0) -> 0 | M16: =IF(IFERROR(SUMPRODUCT((((ISNUMBER(SEARCH(B16,'Data - HSQE Events'!V$6:V$3000))+ISNUMBER(SEARCH(B16,'Data - HSQE Events'!H$6:H$3000)))>0))*('Data - HSQE Events'!F$6:F$3000>=$AG$3)*('Data - HSQE Events'!F$6:F$3000<=$AJ$3)*('Data - HSQE Events'!R$6:R$3000="Major")),0)>0,"YES","NO") -> NO | N16: =IFERROR(SUMPRODUCT(('Data - Skillko'!B$6:B$3000=B16)*('Data - Skillko'!C$6:C$3000="Total")*('Data - Skillko'!E$6:E$3000))*100,0) -> 87 | O16: =ROUND(MAX(1,MIN(5,1+N16/100*4)),1) -> 4.5 | P16: =IFERROR(SUMPRODUCT(ISNUMBER(SEARCH(B16,'Pole Results'!$A$13:$A$2000))*('Pole Results'!$B$13:$B$2000>=$AG$3)*('Pole Results'!$B$13:$B$2000<=$AE$3)*('Pole Results'!$E$13:$E$2000="Non-Compliant")),0) -> 0 | Q16: =IF(I16=0,1,IFERROR(ROUND(MAX(1,MIN(5,1+J16/I16*4)),1),3)) -> 1 | R16: =ROUND(6-MAX(MIN(5,K16*0.8+1),MIN(5,L16*2+1)),1) -> 5 | S16: =IFERROR(ROUND(MAX(1,MIN(5,5-(P16/MAX(1,AI16))*4)),1),5) -> 5 | T16: =IF('Field Teams'!$I$17="Inactive","",ROUND((Q16*Settings!$D$6+R16*Settings!$D$7+O16*Settings!$D$10+S16*Settings!$D$12+AO16*Settings!$D$13)/Settings!$D$14,1)) -> 3 | U16: =IF('Field Teams'!$I$17="Inactive","",IF(Q16="","",IF(Q16>=4.5,"★★★★★",IF(Q16>=3.5,"★★★★☆",IF(Q16>=2.5,"★★★☆☆",IF(Q16>=1.5,"★★☆☆☆","★☆☆☆☆")))))) -> ★☆☆☆☆ | V16: =IF('Field Teams'!$I$17="Inactive","",IF(R16="","",IF(R16>=4.5,"★★★★★",IF(R16>=3.5,"★★★★☆",IF(R16>=2.5,"★★★☆☆",IF(R16>=1.5,"★★☆☆☆","★☆☆☆☆")))))) -> ★★★★★ | W16: =IF('Field Teams'!$I$17="Inactive","",IF(O16="","",IF(O16>=4.5,"★★★★★",IF(O16>=3.5,"★★★★☆",IF(O16>=2.5,"★★★☆☆",IF(O16>=1.5,"★★☆☆☆","★☆☆☆☆")))))) -> ★★★★★ | X16: =IF('Field Teams'!$I$17="Inactive","",IF(S16="","",IF(S16>=4.5,"★★★★★",IF(S16>=3.5,"★★★★☆",IF(S16>=2.5,"★★★☆☆",IF(S16>=1.5,"★★☆☆☆","★☆☆☆☆")))))) -> ★★★★★ | Y16: =IF('Field Teams'!$I$17="Inactive","",IF(AO16="","",IF(AO16>=4.5,"★★★★★",IF(AO16>=3.5,"★★★★☆",IF(AO16>=2.5,"★★★☆☆",IF(AO16>=1.5,"★★☆☆☆","★☆☆☆☆")))))) -> ★★★☆☆ | Z16: =IF('Field Teams'!$I$5="Inactive","",IF(T16="","",IF(T16>=4.5,"★★★★★",IF(T16>=3.5,"★★★★☆",IF(T16>=2.5,"★★★☆☆",IF(T16>=1.5,"★★☆☆☆","★☆☆☆☆")))))) -> ★★★☆☆ | AA16: =IF('Field Teams'!$I$17="Inactive","",IF(M16="YES","HIGH",IF(Q16<=Settings!$D$26,"HIGH",IF(T16<=Settings!$D$23,"HIGH",IF(T16<=Settings!$D$24,"MEDIUM","LOW"))))) -> HIGH | AB16: =IF('Field Teams'!$I$5="Inactive",-1,IFERROR((6-T16)+(77-ROW())*0.0001,0)) -> 3.0061 | AC16: =IF('Field Teams'!$I$5="Inactive",999,IFERROR((6-T16)+(ROW()-3)*0.0001,99)) -> 3.0013 | AD16: =IF('Field Teams'!$I$17="Inactive",999,IFERROR(AB16+(ROW()-3)*0.0001,99)) -> 3.0074 | AE16: 0 | AF16: =IF('Field Teams'!$I$17="Inactive","",IF(AA16="HIGH","YES - within 5 working days","")) -> YES - within 5 working days | AH16: =IFERROR(SUMPRODUCT(ISNUMBER(SEARCH(B16,'Pole Results'!$A$13:$A$2000))*('Pole Results'!$B$13:$B$2000>=$AG$3)*('Pole Results'!$B$13:$B$2000<=$AE$3)),0) -> 0 | AI16: =IFERROR(SUMPRODUCT(ISNUMBER(SEARCH(B16,'Pole Results'!$A$13:$A$2000))*('Pole Results'!$B$13:$B$2000>=$AG$3)*('Pole Results'!$B$13:$B$2000<=$AE$3)*('Pole Results'!$E$13:$E$2000="Compliant")),0) -> 0 | AK16: =IF('Field Teams'!$I$17="Inactive",-1,IF(AA16="HIGH",AB16,-1)) -> 3.0061 | AL16: =IF('Field Teams'!$I$17="Inactive",-1,IF(OR(AA16="HIGH",AA16="MEDIUM"),AB16,-1)) -> 3.0061 | AM16: =IF('Field Teams'!$I$17="Inactive","",IF(IFERROR(LOOKUP(2,1/('Historical Scores'!C17:N17<>""),'Historical Scores'!C17:N17),"")="","New",IF(T16=""," ",IF(T16>IFERROR(LOOKUP(2,1/('Historical Scores'!C17:N17<>""),'Historical Scores'!C17:N17),""),"▲ Worsening",IF(T16<IFERROR(LOOKUP(2,1/('Historical Scores'!C17:N17<>""),'Historical Scores'!C17:N17),""),"▼ Improving","► Stable"))))) -> New | AN16: =IFERROR(SUMPRODUCT((ISNUMBER(SEARCH(B16,'Data - SSV'!AE$6:AE$3000)))*('Data - SSV'!AF$6:AF$3000>=(AJ$3-90))*('Data - SSV'!AF$6:AF$3000<=AJ$3)*('Data - SSV'!AH$6:AH$3000<>"")),0) -> 0 | AO16: =IF('Field Teams'!$I$17="Inactive","",IF(AN16=0,3,IF(AN16=1,IF(IFERROR(SUMPRODUCT((ISNUMBER(SEARCH(B16,'Data - SSV'!AE$6:AE$3000)))*('Data - SSV'!AF$6:AF$3000>=(AJ$3-90))*('Data - SSV'!AF$6:AF$3000<=AJ$3)*('Data - SSV'!AH$6:AH$3000<>"")*IF('Data - SSV'!AH$6:AH$3000="",0,'Data - SSV'!AH$6:AH$3000))/AN16,3)=4,4,IF(IFERROR(SUMPRODUCT((ISNUMBER(SEARCH(B16,'Data - SSV'!AE$6:AE$3000)))*('Data - SSV'!AF$6:AF$3000>=(AJ$3-90))*('Data - SSV'!AF$6:AF$3000<=AJ$3)*('Data - SSV'!AH$6:AH$3000<>"")*IF('Data - SSV'!AH$6:AH$3000="",0,'Data - SSV'!AH$6:AH$3000))/AN16,3)>=3,3,IF(IFERROR(SUMPRODUCT((ISNUMBER(SEARCH(B16,'Data - SSV'!AE$6:AE$3000)))*('Data - SSV'!AF$6:AF$3000>=(AJ$3-90))*('Data - SSV'!AF$6:AF$3000<=AJ$3)*('Data - SSV'!AH$6:AH$3000<>"")*IF('Data - SSV'!AH$6:AH$3000="",0,'Data - SSV'!AH$6:AH$3000))/AN16,3)>=2,2,1))),IF(IFERROR(SUMPRODUCT((ISNUMBER(SEARCH(B16,'Data - SSV'!AE$6:AE$3000)))*('Data - SSV'!AF$6:AF$3000>=(AJ$3-90))*('Data - SSV'!AF$6:AF$3000<=AJ$3)*('Data - SSV'!AH$6:AH$3000<>"")*IF('Data - SSV'!AH$6:AH$3000="",0,'Data - SSV'!AH$6:AH$3000))/AN16,3)=4,5,IF(IFERROR(SUMPRODUCT((ISNUMBER(SEARCH(B16,'Data - SSV'!AE$6:AE$3000)))*('Data - SSV'!AF$6:AF$3000>=(AJ$3-90))*('Data - SSV'!AF$6:AF$3000<=AJ$3)*('Data - SSV'!AH$6:AH$3000<>"")*IF('Data - SSV'!AH$6:AH$3000="",0,'Data - SSV'!AH$6:AH$3000))/AN16,3)>=3.5,4,IF(IFERROR(SUMPRODUCT((ISNUMBER(SEARCH(B16,'Data - SSV'!AE$6:AE$3000)))*('Data - SSV'!AF$6:AF$3000>=(AJ$3-90))*('Data - SSV'!AF$6:AF$3000<=AJ$3)*('Data - SSV'!AH$6:AH$3000<>"")*IF('Data - SSV'!AH$6:AH$3000="",0,'Data - SSV'!AH$6:AH$3000))/AN16,3)>=3,3,IF(IFERROR(SUMPRODUCT((ISNUMBER(SEARCH(B16,'Data - SSV'!AE$6:AE$3000)))*('Data - SSV'!AF$6:AF$3000>=(AJ$3-90))*('Data - SSV'!AF$6:AF$3000<=AJ$3)*('Data - SSV'!AH$6:AH$3000<>"")*IF('Data - SSV'!AH$6:AH$3000="",0,'Data - SSV'!AH$6:AH$3000))/AN16,3)>=2,2,1))))))) -> 3
A17: ='Field Teams'!A18 -> FT-014 | B17: ='Field Teams'!B18 -> Tree Tops Arborist | C17: ='Field Teams'!C18 -> Utility Arboriculture | D17: ='Field Teams'!D18 -> Donovan Gosher | E17: ='Field Teams'!E18 -> Barry Bright | F17: ='Field Teams'!F18 -> 0 | G17: ='Field Teams'!G18 -> 0 | H17: ='Field Teams'!H18 -> 2 | I17: =H17*2 -> 4 | J17: =IFERROR(SUMPRODUCT((((ISNUMBER(SEARCH(B17,'Data - HSQE Events'!V$6:V$3000))+ISNUMBER(SEARCH(B17,'Data - HSQE Events'!H$6:H$3000)))>0))*('Data - HSQE Events'!F$6:F$3000>=$AG$3)*('Data - HSQE Events'!F$6:F$3000<=$AJ$3)*('Data - HSQE Events'!R$6:R$3000="Opportunity")),0) -> 0 | K17: =IFERROR(SUMPRODUCT((((ISNUMBER(SEARCH(B17,'Data - HSQE Events'!V$6:V$3000))+ISNUMBER(SEARCH(B17,'Data - HSQE Events'!H$6:H$3000)))>0))*('Data - HSQE Events'!F$6:F$3000>=$AG$3)*('Data - HSQE Events'!F$6:F$3000<=$AJ$3)*('Data - HSQE Events'!R$6:R$3000="Minor")),0) -> 0 | L17: =IFERROR(SUMPRODUCT((((ISNUMBER(SEARCH(B17,'Data - HSQE Events'!V$6:V$3000))+ISNUMBER(SEARCH(B17,'Data - HSQE Events'!H$6:H$3000)))>0))*('Data - HSQE Events'!F$6:F$3000>=$AG$3)*('Data - HSQE Events'!F$6:F$3000<=$AJ$3)*(('Data - HSQE Events'!R$6:R$3000="Moderate")+('Data - HSQE Events'!R$6:R$3000="Major"))),0) -> 0 | M17: =IF(IFERROR(SUMPRODUCT((((ISNUMBER(SEARCH(B17,'Data - HSQE Events'!V$6:V$3000))+ISNUMBER(SEARCH(B17,'Data - HSQE Events'!H$6:H$3000)))>0))*('Data - HSQE Events'!F$6:F$3000>=$AG$3)*('Data - HSQE Events'!F$6:F$3000<=$AJ$3)*('Data - HSQE Events'!R$6:R$3000="Major")),0)>0,"YES","NO") -> NO | N17: =IFERROR(SUMPRODUCT(('Data - Skillko'!B$6:B$3000=B17)*('Data - Skillko'!C$6:C$3000="Total")*('Data - Skillko'!E$6:E$3000))*100,0) -> 100 | O17: =ROUND(MAX(1,MIN(5,1+N17/100*4)),1) -> 5 | P17: =IFERROR(SUMPRODUCT(ISNUMBER(SEARCH(B17,'Pole Results'!$A$13:$A$2000))*('Pole Results'!$B$13:$B$2000>=$AG$3)*('Pole Results'!$B$13:$B$2000<=$AE$3)*('Pole Results'!$E$13:$E$2000="Non-Compliant")),0) -> 0 | Q17: =IF(I17=0,1,IFERROR(ROUND(MAX(1,MIN(5,1+J17/I17*4)),1),3)) -> 1 | R17: =ROUND(6-MAX(MIN(5,K17*0.8+1),MIN(5,L17*2+1)),1) -> 5 | S17: =IFERROR(ROUND(MAX(1,MIN(5,5-(P17/MAX(1,AI17))*4)),1),5) -> 5 | T17: =IF('Field Teams'!$I$18="Inactive","",ROUND((Q17*Settings!$D$6+R17*Settings!$D$7+O17*Settings!$D$10+S17*Settings!$D$12+AO17*Settings!$D$13)/Settings!$D$14,1)) -> 3.1 | U17: =IF('Field Teams'!$I$18="Inactive","",IF(Q17="","",IF(Q17>=4.5,"★★★★★",IF(Q17>=3.5,"★★★★☆",IF(Q17>=2.5,"★★★☆☆",IF(Q17>=1.5,"★★☆☆☆","★☆☆☆☆")))))) -> ★☆☆☆☆ | V17: =IF('Field Teams'!$I$18="Inactive","",IF(R17="","",IF(R17>=4.5,"★★★★★",IF(R17>=3.5,"★★★★☆",IF(R17>=2.5,"★★★☆☆",IF(R17>=1.5,"★★☆☆☆","★☆☆☆☆")))))) -> ★★★★★ | W17: =IF('Field Teams'!$I$18="Inactive","",IF(O17="","",IF(O17>=4.5,"★★★★★",IF(O17>=3.5,"★★★★☆",IF(O17>=2.5,"★★★☆☆",IF(O17>=1.5,"★★☆☆☆","★☆☆☆☆")))))) -> ★★★★★ | X17: =IF('Field Teams'!$I$18="Inactive","",IF(S17="","",IF(S17>=4.5,"★★★★★",IF(S17>=3.5,"★★★★☆",IF(S17>=2.5,"★★★☆☆",IF(S17>=1.5,"★★☆☆☆","★☆☆☆☆")))))) -> ★★★★★ | Y17: =IF('Field Teams'!$I$18="Inactive","",IF(AO17="","",IF(AO17>=4.5,"★★★★★",IF(AO17>=3.5,"★★★★☆",IF(AO17>=2.5,"★★★☆☆",IF(AO17>=1.5,"★★☆☆☆","★☆☆☆☆")))))) -> ★★★☆☆ | Z17: =IF('Field Teams'!$I$5="Inactive","",IF(T17="","",IF(T17>=4.5,"★★★★★",IF(T17>=3.5,"★★★★☆",IF(T17>=2.5,"★★★☆☆",IF(T17>=1.5,"★★☆☆☆","★☆☆☆☆")))))) -> ★★★☆☆ | AA17: =IF('Field Teams'!$I$18="Inactive","",IF(M17="YES","HIGH",IF(Q17<=Settings!$D$26,"HIGH",IF(T17<=Settings!$D$23,"HIGH",IF(T17<=Settings!$D$24,"MEDIUM","LOW"))))) -> HIGH | AB17: =IF('Field Teams'!$I$5="Inactive",-1,IFERROR((6-T17)+(77-ROW())*0.0001,0)) -> 2.906 | AC17: =IF('Field Teams'!$I$5="Inactive",999,IFERROR((6-T17)+(ROW()-3)*0.0001,99)) -> 2.9014 | AD17: =IF('Field Teams'!$I$18="Inactive",999,IFERROR(AB17+(ROW()-3)*0.0001,99)) -> 2.9074 | AE17: 0 | AF17: =IF('Field Teams'!$I$18="Inactive","",IF(AA17="HIGH","YES - within 5 working days","")) -> YES - within 5 working days | AH17: =IFERROR(SUMPRODUCT(ISNUMBER(SEARCH(B17,'Pole Results'!$A$13:$A$2000))*('Pole Results'!$B$13:$B$2000>=$AG$3)*('Pole Results'!$B$13:$B$2000<=$AE$3)),0) -> 0 | AI17: =IFERROR(SUMPRODUCT(ISNUMBER(SEARCH(B17,'Pole Results'!$A$13:$A$2000))*('Pole Results'!$B$13:$B$2000>=$AG$3)*('Pole Results'!$B$13:$B$2000<=$AE$3)*('Pole Results'!$E$13:$E$2000="Compliant")),0) -> 0 | AK17: =IF('Field Teams'!$I$18="Inactive",-1,IF(AA17="HIGH",AB17,-1)) -> 2.906 | AL17: =IF('Field Teams'!$I$18="Inactive",-1,IF(OR(AA17="HIGH",AA17="MEDIUM"),AB17,-1)) -> 2.906 | AM17: =IF('Field Teams'!$I$18="Inactive","",IF(IFERROR(LOOKUP(2,1/('Historical Scores'!C18:N18<>""),'Historical Scores'!C18:N18),"")="","New",IF(T17=""," ",IF(T17>IFERROR(LOOKUP(2,1/('Historical Scores'!C18:N18<>""),'Historical Scores'!C18:N18),""),"▲ Worsening",IF(T17<IFERROR(LOOKUP(2,1/('Historical Scores'!C18:N18<>""),'Historical Scores'!C18:N18),""),"▼ Improving","► Stable"))))) -> New | AN17: =IFERROR(SUMPRODUCT((ISNUMBER(SEARCH(B17,'Data - SSV'!AE$6:AE$3000)))*('Data - SSV'!AF$6:AF$3000>=(AJ$3-90))*('Data - SSV'!AF$6:AF$3000<=AJ$3)*('Data - SSV'!AH$6:AH$3000<>"")),0) -> 0 | AO17: =IF('Field Teams'!$I$18="Inactive","",IF(AN17=0,3,IF(AN17=1,IF(IFERROR(SUMPRODUCT((ISNUMBER(SEARCH(B17,'Data - SSV'!AE$6:AE$3000)))*('Data - SSV'!AF$6:AF$3000>=(AJ$3-90))*('Data - SSV'!AF$6:AF$3000<=AJ$3)*('Data - SSV'!AH$6:AH$3000<>"")*IF('Data - SSV'!AH$6:AH$3000="",0,'Data - SSV'!AH$6:AH$3000))/AN17,3)=4,4,IF(IFERROR(SUMPRODUCT((ISNUMBER(SEARCH(B17,'Data - SSV'!AE$6:AE$3000)))*('Data - SSV'!AF$6:AF$3000>=(AJ$3-90))*('Data - SSV'!AF$6:AF$3000<=AJ$3)*('Data - SSV'!AH$6:AH$3000<>"")*IF('Data - SSV'!AH$6:AH$3000="",0,'Data - SSV'!AH$6:AH$3000))/AN17,3)>=3,3,IF(IFERROR(SUMPRODUCT((ISNUMBER(SEARCH(B17,'Data - SSV'!AE$6:AE$3000)))*('Data - SSV'!AF$6:AF$3000>=(AJ$3-90))*('Data - SSV'!AF$6:AF$3000<=AJ$3)*('Data - SSV'!AH$6:AH$3000<>"")*IF('Data - SSV'!AH$6:AH$3000="",0,'Data - SSV'!AH$6:AH$3000))/AN17,3)>=2,2,1))),IF(IFERROR(SUMPRODUCT((ISNUMBER(SEARCH(B17,'Data - SSV'!AE$6:AE$3000)))*('Data - SSV'!AF$6:AF$3000>=(AJ$3-90))*('Data - SSV'!AF$6:AF$3000<=AJ$3)*('Data - SSV'!AH$6:AH$3000<>"")*IF('Data - SSV'!AH$6:AH$3000="",0,'Data - SSV'!AH$6:AH$3000))/AN17,3)=4,5,IF(IFERROR(SUMPRODUCT((ISNUMBER(SEARCH(B17,'Data - SSV'!AE$6:AE$3000)))*('Data - SSV'!AF$6:AF$3000>=(AJ$3-90))*('Data - SSV'!AF$6:AF$3000<=AJ$3)*('Data - SSV'!AH$6:AH$3000<>"")*IF('Data - SSV'!AH$6:AH$3000="",0,'Data - SSV'!AH$6:AH$3000))/AN17,3)>=3.5,4,IF(IFERROR(SUMPRODUCT((ISNUMBER(SEARCH(B17,'Data - SSV'!AE$6:AE$3000)))*('Data - SSV'!AF$6:AF$3000>=(AJ$3-90))*('Data - SSV'!AF$6:AF$3000<=AJ$3)*('Data - SSV'!AH$6:AH$3000<>"")*IF('Data - SSV'!AH$6:AH$3000="",0,'Data - SSV'!AH$6:AH$3000))/AN17,3)>=3,3,IF(IFERROR(SUMPRODUCT((ISNUMBER(SEARCH(B17,'Data - SSV'!AE$6:AE$3000)))*('Data - SSV'!AF$6:AF$3000>=(AJ$3-90))*('Data - SSV'!AF$6:AF$3000<=AJ$3)*('Data - SSV'!AH$6:AH$3000<>"")*IF('Data - SSV'!AH$6:AH$3000="",0,'Data - SSV'!AH$6:AH$3000))/AN17,3)>=2,2,1))))))) -> 3
A18: ='Field Teams'!A19 -> FT-015 | B18: ='Field Teams'!B19 -> Valiant Arborist Ltd | C18: ='Field Teams'!C19 -> Utility Arboriculture | D18: ='Field Teams'!D19 -> Donovan Gosher | E18: ='Field Teams'!E19 -> Barry Bright | F18: ='Field Teams'!F19 -> 0 | G18: ='Field Teams'!G19 -> 0 | H18: ='Field Teams'!H19 -> 5 | I18: =H18*2 -> 10 | J18: =IFERROR(SUMPRODUCT((((ISNUMBER(SEARCH(B18,'Data - HSQE Events'!V$6:V$3000))+ISNUMBER(SEARCH(B18,'Data - HSQE Events'!H$6:H$3000)))>0))*('Data - HSQE Events'!F$6:F$3000>=$AG$3)*('Data - HSQE Events'!F$6:F$3000<=$AJ$3)*('Data - HSQE Events'!R$6:R$3000="Opportunity")),0) -> 0 | K18: =IFERROR(SUMPRODUCT((((ISNUMBER(SEARCH(B18,'Data - HSQE Events'!V$6:V$3000))+ISNUMBER(SEARCH(B18,'Data - HSQE Events'!H$6:H$3000)))>0))*('Data - HSQE Events'!F$6:F$3000>=$AG$3)*('Data - HSQE Events'!F$6:F$3000<=$AJ$3)*('Data - HSQE Events'!R$6:R$3000="Minor")),0) -> 0 | L18: =IFERROR(SUMPRODUCT((((ISNUMBER(SEARCH(B18,'Data - HSQE Events'!V$6:V$3000))+ISNUMBER(SEARCH(B18,'Data - HSQE Events'!H$6:H$3000)))>0))*('Data - HSQE Events'!F$6:F$3000>=$AG$3)*('Data - HSQE Events'!F$6:F$3000<=$AJ$3)*(('Data - HSQE Events'!R$6:R$3000="Moderate")+('Data - HSQE Events'!R$6:R$3000="Major"))),0) -> 0 | M18: =IF(IFERROR(SUMPRODUCT((((ISNUMBER(SEARCH(B18,'Data - HSQE Events'!V$6:V$3000))+ISNUMBER(SEARCH(B18,'Data - HSQE Events'!H$6:H$3000)))>0))*('Data - HSQE Events'!F$6:F$3000>=$AG$3)*('Data - HSQE Events'!F$6:F$3000<=$AJ$3)*('Data - HSQE Events'!R$6:R$3000="Major")),0)>0,"YES","NO") -> NO | N18: =IFERROR(SUMPRODUCT(('Data - Skillko'!B$6:B$3000=B18)*('Data - Skillko'!C$6:C$3000="Total")*('Data - Skillko'!E$6:E$3000))*100,0) -> 58 | O18: =ROUND(MAX(1,MIN(5,1+N18/100*4)),1) -> 3.3 | P18: =IFERROR(SUMPRODUCT(ISNUMBER(SEARCH(B18,'Pole Results'!$A$13:$A$2000))*('Pole Results'!$B$13:$B$2000>=$AG$3)*('Pole Results'!$B$13:$B$2000<=$AE$3)*('Pole Results'!$E$13:$E$2000="Non-Compliant")),0) -> 0 | Q18: =IF(I18=0,1,IFERROR(ROUND(MAX(1,MIN(5,1+J18/I18*4)),1),3)) -> 1 | R18: =ROUND(6-MAX(MIN(5,K18*0.8+1),MIN(5,L18*2+1)),1) -> 5 | S18: =IFERROR(ROUND(MAX(1,MIN(5,5-(P18/MAX(1,AI18))*4)),1),5) -> 5 | T18: =IF('Field Teams'!$I$19="Inactive","",ROUND((Q18*Settings!$D$6+R18*Settings!$D$7+O18*Settings!$D$10+S18*Settings!$D$12+AO18*Settings!$D$13)/Settings!$D$14,1)) -> 2.8 | U18: =IF('Field Teams'!$I$19="Inactive","",IF(Q18="","",IF(Q18>=4.5,"★★★★★",IF(Q18>=3.5,"★★★★☆",IF(Q18>=2.5,"★★★☆☆",IF(Q18>=1.5,"★★☆☆☆","★☆☆☆☆")))))) -> ★☆☆☆☆ | V18: =IF('Field Teams'!$I$19="Inactive","",IF(R18="","",IF(R18>=4.5,"★★★★★",IF(R18>=3.5,"★★★★☆",IF(R18>=2.5,"★★★☆☆",IF(R18>=1.5,"★★☆☆☆","★☆☆☆☆")))))) -> ★★★★★ | W18: =IF('Field Teams'!$I$19="Inactive","",IF(O18="","",IF(O18>=4.5,"★★★★★",IF(O18>=3.5,"★★★★☆",IF(O18>=2.5,"★★★☆☆",IF(O18>=1.5,"★★☆☆☆","★☆☆☆☆")))))) -> ★★★☆☆ | X18: =IF('Field Teams'!$I$19="Inactive","",IF(S18="","",IF(S18>=4.5,"★★★★★",IF(S18>=3.5,"★★★★☆",IF(S18>=2.5,"★★★☆☆",IF(S18>=1.5,"★★☆☆☆","★☆☆☆☆")))))) -> ★★★★★ | Y18: =IF('Field Teams'!$I$19="Inactive","",IF(AO18="","",IF(AO18>=4.5,"★★★★★",IF(AO18>=3.5,"★★★★☆",IF(AO18>=2.5,"★★★☆☆",IF(AO18>=1.5,"★★☆☆☆","★☆☆☆☆")))))) -> ★★★☆☆ | Z18: =IF('Field Teams'!$I$5="Inactive","",IF(T18="","",IF(T18>=4.5,"★★★★★",IF(T18>=3.5,"★★★★☆",IF(T18>=2.5,"★★★☆☆",IF(T18>=1.5,"★★☆☆☆","★☆☆☆☆")))))) -> ★★★☆☆ | AA18: =IF('Field Teams'!$I$19="Inactive","",IF(M18="YES","HIGH",IF(Q18<=Settings!$D$26,"HIGH",IF(T18<=Settings!$D$23,"HIGH",IF(T18<=Settings!$D$24,"MEDIUM","LOW"))))) -> HIGH | AB18: =IF('Field Teams'!$I$5="Inactive",-1,IFERROR((6-T18)+(77-ROW())*0.0001,0)) -> 3.2059 | AC18: =IF('Field Teams'!$I$5="Inactive",999,IFERROR((6-T18)+(ROW()-3)*0.0001,99)) -> 3.2015 | AD18: =IF('Field Teams'!$I$19="Inactive",999,IFERROR(AB18+(ROW()-3)*0.0001,99)) -> 3.2074 | AE18: 0 | AF18: =IF('Field Teams'!$I$19="Inactive","",IF(AA18="HIGH","YES - within 5 working days","")) -> YES - within 5 working days | AH18: =IFERROR(SUMPRODUCT(ISNUMBER(SEARCH(B18,'Pole Results'!$A$13:$A$2000))*('Pole Results'!$B$13:$B$2000>=$AG$3)*('Pole Results'!$B$13:$B$2000<=$AE$3)),0) -> 0 | AI18: =IFERROR(SUMPRODUCT(ISNUMBER(SEARCH(B18,'Pole Results'!$A$13:$A$2000))*('Pole Results'!$B$13:$B$2000>=$AG$3)*('Pole Results'!$B$13:$B$2000<=$AE$3)*('Pole Results'!$E$13:$E$2000="Compliant")),0) -> 0 | AK18: =IF('Field Teams'!$I$19="Inactive",-1,IF(AA18="HIGH",AB18,-1)) -> 3.2059 | AL18: =IF('Field Teams'!$I$19="Inactive",-1,IF(OR(AA18="HIGH",AA18="MEDIUM"),AB18,-1)) -> 3.2059 | AM18: =IF('Field Teams'!$I$19="Inactive","",IF(IFERROR(LOOKUP(2,1/('Historical Scores'!C19:N19<>""),'Historical Scores'!C19:N19),"")="","New",IF(T18=""," ",IF(T18>IFERROR(LOOKUP(2,1/('Historical Scores'!C19:N19<>""),'Historical Scores'!C19:N19),""),"▲ Worsening",IF(T18<IFERROR(LOOKUP(2,1/('Historical Scores'!C19:N19<>""),'Historical Scores'!C19:N19),""),"▼ Improving","► Stable"))))) -> New | AN18: =IFERROR(SUMPRODUCT((ISNUMBER(SEARCH(B18,'Data - SSV'!AE$6:AE$3000)))*('Data - SSV'!AF$6:AF$3000>=(AJ$3-90))*('Data - SSV'!AF$6:AF$3000<=AJ$3)*('Data - SSV'!AH$6:AH$3000<>"")),0) -> 0 | AO18: =IF('Field Teams'!$I$19="Inactive","",IF(AN18=0,3,IF(AN18=1,IF(IFERROR(SUMPRODUCT((ISNUMBER(SEARCH(B18,'Data - SSV'!AE$6:AE$3000)))*('Data - SSV'!AF$6:AF$3000>=(AJ$3-90))*('Data - SSV'!AF$6:AF$3000<=AJ$3)*('Data - SSV'!AH$6:AH$3000<>"")*IF('Data - SSV'!AH$6:AH$3000="",0,'Data - SSV'!AH$6:AH$3000))/AN18,3)=4,4,IF(IFERROR(SUMPRODUCT((ISNUMBER(SEARCH(B18,'Data - SSV'!AE$6:AE$3000)))*('Data - SSV'!AF$6:AF$3000>=(AJ$3-90))*('Data - SSV'!AF$6:AF$3000<=AJ$3)*('Data - SSV'!AH$6:AH$3000<>"")*IF('Data - SSV'!AH$6:AH$3000="",0,'Data - SSV'!AH$6:AH$3000))/AN18,3)>=3,3,IF(IFERROR(SUMPRODUCT((ISNUMBER(SEARCH(B18,'Data - SSV'!AE$6:AE$3000)))*('Data - SSV'!AF$6:AF$3000>=(AJ$3-90))*('Data - SSV'!AF$6:AF$3000<=AJ$3)*('Data - SSV'!AH$6:AH$3000<>"")*IF('Data - SSV'!AH$6:AH$3000="",0,'Data - SSV'!AH$6:AH$3000))/AN18,3)>=2,2,1))),IF(IFERROR(SUMPRODUCT((ISNUMBER(SEARCH(B18,'Data - SSV'!AE$6:AE$3000)))*('Data - SSV'!AF$6:AF$3000>=(AJ$3-90))*('Data - SSV'!AF$6:AF$3000<=AJ$3)*('Data - SSV'!AH$6:AH$3000<>"")*IF('Data - SSV'!AH$6:AH$3000="",0,'Data - SSV'!AH$6:AH$3000))/AN18,3)=4,5,IF(IFERROR(SUMPRODUCT((ISNUMBER(SEARCH(B18,'Data - SSV'!AE$6:AE$3000)))*('Data - SSV'!AF$6:AF$3000>=(AJ$3-90))*('Data - SSV'!AF$6:AF$3000<=AJ$3)*('Data - SSV'!AH$6:AH$3000<>"")*IF('Data - SSV'!AH$6:AH$3000="",0,'Data - SSV'!AH$6:AH$3000))/AN18,3)>=3.5,4,IF(IFERROR(SUMPRODUCT((ISNUMBER(SEARCH(B18,'Data - SSV'!AE$6:AE$3000)))*('Data - SSV'!AF$6:AF$3000>=(AJ$3-90))*('Data - SSV'!AF$6:AF$3000<=AJ$3)*('Data - SSV'!AH$6:AH$3000<>"")*IF('Data - SSV'!AH$6:AH$3000="",0,'Data - SSV'!AH$6:AH$3000))/AN18,3)>=3,3,IF(IFERROR(SUMPRODUCT((ISNUMBER(SEARCH(B18,'Data - SSV'!AE$6:AE$3000)))*('Data - SSV'!AF$6:AF$3000>=(AJ$3-90))*('Data - SSV'!AF$6:AF$3000<=AJ$3)*('Data - SSV'!AH$6:AH$3000<>"")*IF('Data - SSV'!AH$6:AH$3000="",0,'Data - SSV'!AH$6:AH$3000))/AN18,3)>=2,2,1))))))) -> 3
A19: ='Field Teams'!A20 -> FT-016 | B19: ='Field Teams'!B20 -> A J Arborists Ltd | C19: ='Field Teams'!C20 -> Utility Arboriculture | D19: ='Field Teams'!D20 -> Donovan Gosher | E19: ='Field Teams'!E20 -> Jake Bolwell | F19: ='Field Teams'!F20 -> 0 | G19: ='Field Teams'!G20 -> 0 | H19: ='Field Teams'!H20 -> 4 | I19: =H19*2 -> 8 | J19: =IFERROR(SUMPRODUCT((((ISNUMBER(SEARCH(B19,'Data - HSQE Events'!V$6:V$3000))+ISNUMBER(SEARCH(B19,'Data - HSQE Events'!H$6:H$3000)))>0))*('Data - HSQE Events'!F$6:F$3000>=$AG$3)*('Data - HSQE Events'!F$6:F$3000<=$AJ$3)*('Data - HSQE Events'!R$6:R$3000="Opportunity")),0) -> 0 | K19: =IFERROR(SUMPRODUCT((((ISNUMBER(SEARCH(B19,'Data - HSQE Events'!V$6:V$3000))+ISNUMBER(SEARCH(B19,'Data - HSQE Events'!H$6:H$3000)))>0))*('Data - HSQE Events'!F$6:F$3000>=$AG$3)*('Data - HSQE Events'!F$6:F$3000<=$AJ$3)*('Data - HSQE Events'!R$6:R$3000="Minor")),0) -> 0 | L19: =IFERROR(SUMPRODUCT((((ISNUMBER(SEARCH(B19,'Data - HSQE Events'!V$6:V$3000))+ISNUMBER(SEARCH(B19,'Data - HSQE Events'!H$6:H$3000)))>0))*('Data - HSQE Events'!F$6:F$3000>=$AG$3)*('Data - HSQE Events'!F$6:F$3000<=$AJ$3)*(('Data - HSQE Events'!R$6:R$3000="Moderate")+('Data - HSQE Events'!R$6:R$3000="Major"))),0) -> 0 | M19: =IF(IFERROR(SUMPRODUCT((((ISNUMBER(SEARCH(B19,'Data - HSQE Events'!V$6:V$3000))+ISNUMBER(SEARCH(B19,'Data - HSQE Events'!H$6:H$3000)))>0))*('Data - HSQE Events'!F$6:F$3000>=$AG$3)*('Data - HSQE Events'!F$6:F$3000<=$AJ$3)*('Data - HSQE Events'!R$6:R$3000="Major")),0)>0,"YES","NO") -> NO | N19: =IFERROR(SUMPRODUCT(('Data - Skillko'!B$6:B$3000=B19)*('Data - Skillko'!C$6:C$3000="Total")*('Data - Skillko'!E$6:E$3000))*100,0) -> 65 | O19: =ROUND(MAX(1,MIN(5,1+N19/100*4)),1) -> 3.6 | P19: =IFERROR(SUMPRODUCT(ISNUMBER(SEARCH(B19,'Pole Results'!$A$13:$A$2000))*('Pole Results'!$B$13:$B$2000>=$AG$3)*('Pole Results'!$B$13:$B$2000<=$AE$3)*('Pole Results'!$E$13:$E$2000="Non-Compliant")),0) -> 0 | Q19: =IF(I19=0,1,IFERROR(ROUND(MAX(1,MIN(5,1+J19/I19*4)),1),3)) -> 1 | R19: =ROUND(6-MAX(MIN(5,K19*0.8+1),MIN(5,L19*2+1)),1) -> 5 | S19: =IFERROR(ROUND(MAX(1,MIN(5,5-(P19/MAX(1,AI19))*4)),1),5) -> 5 | T19: =IF('Field Teams'!$I$20="Inactive","",ROUND((Q19*Settings!$D$6+R19*Settings!$D$7+O19*Settings!$D$10+S19*Settings!$D$12+AO19*Settings!$D$13)/Settings!$D$14,1)) -> 2.9 | U19: =IF('Field Teams'!$I$20="Inactive","",IF(Q19="","",IF(Q19>=4.5,"★★★★★",IF(Q19>=3.5,"★★★★☆",IF(Q19>=2.5,"★★★☆☆",IF(Q19>=1.5,"★★☆☆☆","★☆☆☆☆")))))) -> ★☆☆☆☆ | V19: =IF('Field Teams'!$I$20="Inactive","",IF(R19="","",IF(R19>=4.5,"★★★★★",IF(R19>=3.5,"★★★★☆",IF(R19>=2.5,"★★★☆☆",IF(R19>=1.5,"★★☆☆☆","★☆☆☆☆")))))) -> ★★★★★ | W19: =IF('Field Teams'!$I$20="Inactive","",IF(O19="","",IF(O19>=4.5,"★★★★★",IF(O19>=3.5,"★★★★☆",IF(O19>=2.5,"★★★☆☆",IF(O19>=1.5,"★★☆☆☆","★☆☆☆☆")))))) -> ★★★★☆ | X19: =IF('Field Teams'!$I$20="Inactive","",IF(S19="","",IF(S19>=4.5,"★★★★★",IF(S19>=3.5,"★★★★☆",IF(S19>=2.5,"★★★☆☆",IF(S19>=1.5,"★★☆☆☆","★☆☆☆☆")))))) -> ★★★★★ | Y19: =IF('Field Teams'!$I$20="Inactive","",IF(AO19="","",IF(AO19>=4.5,"★★★★★",IF(AO19>=3.5,"★★★★☆",IF(AO19>=2.5,"★★★☆☆",IF(AO19>=1.5,"★★☆☆☆","★☆☆☆☆")))))) -> ★★★☆☆ | Z19: =IF('Field Teams'!$I$5="Inactive","",IF(T19="","",IF(T19>=4.5,"★★★★★",IF(T19>=3.5,"★★★★☆",IF(T19>=2.5,"★★★☆☆",IF(T19>=1.5,"★★☆☆☆","★☆☆☆☆")))))) -> ★★★☆☆ | AA19: =IF('Field Teams'!$I$20="Inactive","",IF(M19="YES","HIGH",IF(Q19<=Settings!$D$26,"HIGH",IF(T19<=Settings!$D$23,"HIGH",IF(T19<=Settings!$D$24,"MEDIUM","LOW"))))) -> HIGH | AB19: =IF('Field Teams'!$I$5="Inactive",-1,IFERROR((6-T19)+(77-ROW())*0.0001,0)) -> 3.1058 | AC19: =IF('Field Teams'!$I$5="Inactive",999,IFERROR((6-T19)+(ROW()-3)*0.0001,99)) -> 3.1016 | AD19: =IF('Field Teams'!$I$20="Inactive",999,IFERROR(AB19+(ROW()-3)*0.0001,99)) -> 3.1074 | AE19: 0 | AF19: =IF('Field Teams'!$I$20="Inactive","",IF(AA19="HIGH","YES - within 5 working days","")) -> YES - within 5 working days | AH19: =IFERROR(SUMPRODUCT(ISNUMBER(SEARCH(B19,'Pole Results'!$A$13:$A$2000))*('Pole Results'!$B$13:$B$2000>=$AG$3)*('Pole Results'!$B$13:$B$2000<=$AE$3)),0) -> 0 | AI19: =IFERROR(SUMPRODUCT(ISNUMBER(SEARCH(B19,'Pole Results'!$A$13:$A$2000))*('Pole Results'!$B$13:$B$2000>=$AG$3)*('Pole Results'!$B$13:$B$2000<=$AE$3)*('Pole Results'!$E$13:$E$2000="Compliant")),0) -> 0 | AK19: =IF('Field Teams'!$I$20="Inactive",-1,IF(AA19="HIGH",AB19,-1)) -> 3.1058 | AL19: =IF('Field Teams'!$I$20="Inactive",-1,IF(OR(AA19="HIGH",AA19="MEDIUM"),AB19,-1)) -> 3.1058 | AM19: =IF('Field Teams'!$I$20="Inactive","",IF(IFERROR(LOOKUP(2,1/('Historical Scores'!C20:N20<>""),'Historical Scores'!C20:N20),"")="","New",IF(T19=""," ",IF(T19>IFERROR(LOOKUP(2,1/('Historical Scores'!C20:N20<>""),'Historical Scores'!C20:N20),""),"▲ Worsening",IF(T19<IFERROR(LOOKUP(2,1/('Historical Scores'!C20:N20<>""),'Historical Scores'!C20:N20),""),"▼ Improving","► Stable"))))) -> New | AN19: =IFERROR(SUMPRODUCT((ISNUMBER(SEARCH(B19,'Data - SSV'!AE$6:AE$3000)))*('Data - SSV'!AF$6:AF$3000>=(AJ$3-90))*('Data - SSV'!AF$6:AF$3000<=AJ$3)*('Data - SSV'!AH$6:AH$3000<>"")),0) -> 0 | AO19: =IF('Field Teams'!$I$20="Inactive","",IF(AN19=0,3,IF(AN19=1,IF(IFERROR(SUMPRODUCT((ISNUMBER(SEARCH(B19,'Data - SSV'!AE$6:AE$3000)))*('Data - SSV'!AF$6:AF$3000>=(AJ$3-90))*('Data - SSV'!AF$6:AF$3000<=AJ$3)*('Data - SSV'!AH$6:AH$3000<>"")*IF('Data - SSV'!AH$6:AH$3000="",0,'Data - SSV'!AH$6:AH$3000))/AN19,3)=4,4,IF(IFERROR(SUMPRODUCT((ISNUMBER(SEARCH(B19,'Data - SSV'!AE$6:AE$3000)))*('Data - SSV'!AF$6:AF$3000>=(AJ$3-90))*('Data - SSV'!AF$6:AF$3000<=AJ$3)*('Data - SSV'!AH$6:AH$3000<>"")*IF('Data - SSV'!AH$6:AH$3000="",0,'Data - SSV'!AH$6:AH$3000))/AN19,3)>=3,3,IF(IFERROR(SUMPRODUCT((ISNUMBER(SEARCH(B19,'Data - SSV'!AE$6:AE$3000)))*('Data - SSV'!AF$6:AF$3000>=(AJ$3-90))*('Data - SSV'!AF$6:AF$3000<=AJ$3)*('Data - SSV'!AH$6:AH$3000<>"")*IF('Data - SSV'!AH$6:AH$3000="",0,'Data - SSV'!AH$6:AH$3000))/AN19,3)>=2,2,1))),IF(IFERROR(SUMPRODUCT((ISNUMBER(SEARCH(B19,'Data - SSV'!AE$6:AE$3000)))*('Data - SSV'!AF$6:AF$3000>=(AJ$3-90))*('Data - SSV'!AF$6:AF$3000<=AJ$3)*('Data - SSV'!AH$6:AH$3000<>"")*IF('Data - SSV'!AH$6:AH$3000="",0,'Data - SSV'!AH$6:AH$3000))/AN19,3)=4,5,IF(IFERROR(SUMPRODUCT((ISNUMBER(SEARCH(B19,'Data - SSV'!AE$6:AE$3000)))*('Data - SSV'!AF$6:AF$3000>=(AJ$3-90))*('Data - SSV'!AF$6:AF$3000<=AJ$3)*('Data - SSV'!AH$6:AH$3000<>"")*IF('Data - SSV'!AH$6:AH$3000="",0,'Data - SSV'!AH$6:AH$3000))/AN19,3)>=3.5,4,IF(IFERROR(SUMPRODUCT((ISNUMBER(SEARCH(B19,'Data - SSV'!AE$6:AE$3000)))*('Data - SSV'!AF$6:AF$3000>=(AJ$3-90))*('Data - SSV'!AF$6:AF$3000<=AJ$3)*('Data - SSV'!AH$6:AH$3000<>"")*IF('Data - SSV'!AH$6:AH$3000="",0,'Data - SSV'!AH$6:AH$3000))/AN19,3)>=3,3,IF(IFERROR(SUMPRODUCT((ISNUMBER(SEARCH(B19,'Data - SSV'!AE$6:AE$3000)))*('Data - SSV'!AF$6:AF$3000>=(AJ$3-90))*('Data - SSV'!AF$6:AF$3000<=AJ$3)*('Data - SSV'!AH$6:AH$3000<>"")*IF('Data - SSV'!AH$6:AH$3000="",0,'Data - SSV'!AH$6:AH$3000))/AN19,3)>=2,2,1))))))) -> 3
A20: ='Field Teams'!A21 -> FT-017 | B20: ='Field Teams'!B21 -> Andrew Munns Tree Surgery Ltd | C20: ='Field Teams'!C21 -> Utility Arboriculture | D20: ='Field Teams'!D21 -> Donovan Gosher | E20: ='Field Teams'!E21 -> Jake Bolwell | F20: ='Field Teams'!F21 -> 0 | G20: ='Field Teams'!G21 -> 0 | H20: ='Field Teams'!H21 -> 7 | I20: =H20*2 -> 14 | J20: =IFERROR(SUMPRODUCT((((ISNUMBER(SEARCH(B20,'Data - HSQE Events'!V$6:V$3000))+ISNUMBER(SEARCH(B20,'Data - HSQE Events'!H$6:H$3000)))>0))*('Data - HSQE Events'!F$6:F$3000>=$AG$3)*('Data - HSQE Events'!F$6:F$3000<=$AJ$3)*('Data - HSQE Events'!R$6:R$3000="Opportunity")),0) -> 0 | K20: =IFERROR(SUMPRODUCT((((ISNUMBER(SEARCH(B20,'Data - HSQE Events'!V$6:V$3000))+ISNUMBER(SEARCH(B20,'Data - HSQE Events'!H$6:H$3000)))>0))*('Data - HSQE Events'!F$6:F$3000>=$AG$3)*('Data - HSQE Events'!F$6:F$3000<=$AJ$3)*('Data - HSQE Events'!R$6:R$3000="Minor")),0) -> 0 | L20: =IFERROR(SUMPRODUCT((((ISNUMBER(SEARCH(B20,'Data - HSQE Events'!V$6:V$3000))+ISNUMBER(SEARCH(B20,'Data - HSQE Events'!H$6:H$3000)))>0))*('Data - HSQE Events'!F$6:F$3000>=$AG$3)*('Data - HSQE Events'!F$6:F$3000<=$AJ$3)*(('Data - HSQE Events'!R$6:R$3000="Moderate")+('Data - HSQE Events'!R$6:R$3000="Major"))),0) -> 0 | M20: =IF(IFERROR(SUMPRODUCT((((ISNUMBER(SEARCH(B20,'Data - HSQE Events'!V$6:V$3000))+ISNUMBER(SEARCH(B20,'Data - HSQE Events'!H$6:H$3000)))>0))*('Data - HSQE Events'!F$6:F$3000>=$AG$3)*('Data - HSQE Events'!F$6:F$3000<=$AJ$3)*('Data - HSQE Events'!R$6:R$3000="Major")),0)>0,"YES","NO") -> NO | N20: =IFERROR(SUMPRODUCT(('Data - Skillko'!B$6:B$3000=B20)*('Data - Skillko'!C$6:C$3000="Total")*('Data - Skillko'!E$6:E$3000))*100,0) -> 91 | O20: =ROUND(MAX(1,MIN(5,1+N20/100*4)),1) -> 4.6 | P20: =IFERROR(SUMPRODUCT(ISNUMBER(SEARCH(B20,'Pole Results'!$A$13:$A$2000))*('Pole Results'!$B$13:$B$2000>=$AG$3)*('Pole Results'!$B$13:$B$2000<=$AE$3)*('Pole Results'!$E$13:$E$2000="Non-Compliant")),0) -> 0 | Q20: =IF(I20=0,1,IFERROR(ROUND(MAX(1,MIN(5,1+J20/I20*4)),1),3)) -> 1 | R20: =ROUND(6-MAX(MIN(5,K20*0.8+1),MIN(5,L20*2+1)),1) -> 5 | S20: =IFERROR(ROUND(MAX(1,MIN(5,5-(P20/MAX(1,AI20))*4)),1),5) -> 5 | T20: =IF('Field Teams'!$I$21="Inactive","",ROUND((Q20*Settings!$D$6+R20*Settings!$D$7+O20*Settings!$D$10+S20*Settings!$D$12+AO20*Settings!$D$13)/Settings!$D$14,1)) -> 3.1 | U20: =IF('Field Teams'!$I$21="Inactive","",IF(Q20="","",IF(Q20>=4.5,"★★★★★",IF(Q20>=3.5,"★★★★☆",IF(Q20>=2.5,"★★★☆☆",IF(Q20>=1.5,"★★☆☆☆","★☆☆☆☆")))))) -> ★☆☆☆☆ | V20: =IF('Field Teams'!$I$21="Inactive","",IF(R20="","",IF(R20>=4.5,"★★★★★",IF(R20>=3.5,"★★★★☆",IF(R20>=2.5,"★★★☆☆",IF(R20>=1.5,"★★☆☆☆","★☆☆☆☆")))))) -> ★★★★★ | W20: =IF('Field Teams'!$I$21="Inactive","",IF(O20="","",IF(O20>=4.5,"★★★★★",IF(O20>=3.5,"★★★★☆",IF(O20>=2.5,"★★★☆☆",IF(O20>=1.5,"★★☆☆☆","★☆☆☆☆")))))) -> ★★★★★ | X20: =IF('Field Teams'!$I$21="Inactive","",IF(S20="","",IF(S20>=4.5,"★★★★★",IF(S20>=3.5,"★★★★☆",IF(S20>=2.5,"★★★☆☆",IF(S20>=1.5,"★★☆☆☆","★☆☆☆☆")))))) -> ★★★★★ | Y20: =IF('Field Teams'!$I$21="Inactive","",IF(AO20="","",IF(AO20>=4.5,"★★★★★",IF(AO20>=3.5,"★★★★☆",IF(AO20>=2.5,"★★★☆☆",IF(AO20>=1.5,"★★☆☆☆","★☆☆☆☆")))))) -> ★★★☆☆ | Z20: =IF('Field Teams'!$I$5="Inactive","",IF(T20="","",IF(T20>=4.5,"★★★★★",IF(T20>=3.5,"★★★★☆",IF(T20>=2.5,"★★★☆☆",IF(T20>=1.5,"★★☆☆☆","★☆☆☆☆")))))) -> ★★★☆☆ | AA20: =IF('Field Teams'!$I$21="Inactive","",IF(M20="YES","HIGH",IF(Q20<=Settings!$D$26,"HIGH",IF(T20<=Settings!$D$23,"HIGH",IF(T20<=Settings!$D$24,"MEDIUM","LOW"))))) -> HIGH | AB20: =IF('Field Teams'!$I$5="Inactive",-1,IFERROR((6-T20)+(77-ROW())*0.0001,0)) -> 2.9057 | AC20: =IF('Field Teams'!$I$5="Inactive",999,IFERROR((6-T20)+(ROW()-3)*0.0001,99)) -> 2.9017 | AD20: =IF('Field Teams'!$I$21="Inactive",999,IFERROR(AB20+(ROW()-3)*0.0001,99)) -> 2.9074 | AE20: 0 | AF20: =IF('Field Teams'!$I$21="Inactive","",IF(AA20="HIGH","YES - within 5 working days","")) -> YES - within 5 working days | AH20: =IFERROR(SUMPRODUCT(ISNUMBER(SEARCH(B20,'Pole Results'!$A$13:$A$2000))*('Pole Results'!$B$13:$B$2000>=$AG$3)*('Pole Results'!$B$13:$B$2000<=$AE$3)),0) -> 0 | AI20: =IFERROR(SUMPRODUCT(ISNUMBER(SEARCH(B20,'Pole Results'!$A$13:$A$2000))*('Pole Results'!$B$13:$B$2000>=$AG$3)*('Pole Results'!$B$13:$B$2000<=$AE$3)*('Pole Results'!$E$13:$E$2000="Compliant")),0) -> 0 | AK20: =IF('Field Teams'!$I$21="Inactive",-1,IF(AA20="HIGH",AB20,-1)) -> 2.9057 | AL20: =IF('Field Teams'!$I$21="Inactive",-1,IF(OR(AA20="HIGH",AA20="MEDIUM"),AB20,-1)) -> 2.9057 | AM20: =IF('Field Teams'!$I$21="Inactive","",IF(IFERROR(LOOKUP(2,1/('Historical Scores'!C21:N21<>""),'Historical Scores'!C21:N21),"")="","New",IF(T20=""," ",IF(T20>IFERROR(LOOKUP(2,1/('Historical Scores'!C21:N21<>""),'Historical Scores'!C21:N21),""),"▲ Worsening",IF(T20<IFERROR(LOOKUP(2,1/('Historical Scores'!C21:N21<>""),'Historical Scores'!C21:N21),""),"▼ Improving","► Stable"))))) -> New | AN20: =IFERROR(SUMPRODUCT((ISNUMBER(SEARCH(B20,'Data - SSV'!AE$6:AE$3000)))*('Data - SSV'!AF$6:AF$3000>=(AJ$3-90))*('Data - SSV'!AF$6:AF$3000<=AJ$3)*('Data - SSV'!AH$6:AH$3000<>"")),0) -> 0 | AO20: =IF('Field Teams'!$I$21="Inactive","",IF(AN20=0,3,IF(AN20=1,IF(IFERROR(SUMPRODUCT((ISNUMBER(SEARCH(B20,'Data - SSV'!AE$6:AE$3000)))*('Data - SSV'!AF$6:AF$3000>=(AJ$3-90))*('Data - SSV'!AF$6:AF$3000<=AJ$3)*('Data - SSV'!AH$6:AH$3000<>"")*IF('Data - SSV'!AH$6:AH$3000="",0,'Data - SSV'!AH$6:AH$3000))/AN20,3)=4,4,IF(IFERROR(SUMPRODUCT((ISNUMBER(SEARCH(B20,'Data - SSV'!AE$6:AE$3000)))*('Data - SSV'!AF$6:AF$3000>=(AJ$3-90))*('Data - SSV'!AF$6:AF$3000<=AJ$3)*('Data - SSV'!AH$6:AH$3000<>"")*IF('Data - SSV'!AH$6:AH$3000="",0,'Data - SSV'!AH$6:AH$3000))/AN20,3)>=3,3,IF(IFERROR(SUMPRODUCT((ISNUMBER(SEARCH(B20,'Data - SSV'!AE$6:AE$3000)))*('Data - SSV'!AF$6:AF$3000>=(AJ$3-90))*('Data - SSV'!AF$6:AF$3000<=AJ$3)*('Data - SSV'!AH$6:AH$3000<>"")*IF('Data - SSV'!AH$6:AH$3000="",0,'Data - SSV'!AH$6:AH$3000))/AN20,3)>=2,2,1))),IF(IFERROR(SUMPRODUCT((ISNUMBER(SEARCH(B20,'Data - SSV'!AE$6:AE$3000)))*('Data - SSV'!AF$6:AF$3000>=(AJ$3-90))*('Data - SSV'!AF$6:AF$3000<=AJ$3)*('Data - SSV'!AH$6:AH$3000<>"")*IF('Data - SSV'!AH$6:AH$3000="",0,'Data - SSV'!AH$6:AH$3000))/AN20,3)=4,5,IF(IFERROR(SUMPRODUCT((ISNUMBER(SEARCH(B20,'Data - SSV'!AE$6:AE$3000)))*('Data - SSV'!AF$6:AF$3000>=(AJ$3-90))*('Data - SSV'!AF$6:AF$3000<=AJ$3)*('Data - SSV'!AH$6:AH$3000<>"")*IF('Data - SSV'!AH$6:AH$3000="",0,'Data - SSV'!AH$6:AH$3000))/AN20,3)>=3.5,4,IF(IFERROR(SUMPRODUCT((ISNUMBER(SEARCH(B20,'Data - SSV'!AE$6:AE$3000)))*('Data - SSV'!AF$6:AF$3000>=(AJ$3-90))*('Data - SSV'!AF$6:AF$3000<=AJ$3)*('Data - SSV'!AH$6:AH$3000<>"")*IF('Data - SSV'!AH$6:AH$3000="",0,'Data - SSV'!AH$6:AH$3000))/AN20,3)>=3,3,IF(IFERROR(SUMPRODUCT((ISNUMBER(SEARCH(B20,'Data - SSV'!AE$6:AE$3000)))*('Data - SSV'!AF$6:AF$3000>=(AJ$3-90))*('Data - SSV'!AF$6:AF$3000<=AJ$3)*('Data - SSV'!AH$6:AH$3000<>"")*IF('Data - SSV'!AH$6:AH$3000="",0,'Data - SSV'!AH$6:AH$3000))/AN20,3)>=2,2,1))))))) -> 3
A21: ='Field Teams'!A22 -> FT-018 | B21: ='Field Teams'!B22 -> Bourne VP | C21: ='Field Teams'!C22 -> Utility Arboriculture | D21: ='Field Teams'!D22 -> Donovan Gosher | E21: ='Field Teams'!E22 -> Jake Bolwell | F21: ='Field Teams'!F22 -> 0 | G21: ='Field Teams'!G22 -> 0 | H21: ='Field Teams'!H22 -> 16 | I21: =H21*2 -> 32 | J21: =IFERROR(SUMPRODUCT((((ISNUMBER(SEARCH(B21,'Data - HSQE Events'!V$6:V$3000))+ISNUMBER(SEARCH(B21,'Data - HSQE Events'!H$6:H$3000)))>0))*('Data - HSQE Events'!F$6:F$3000>=$AG$3)*('Data - HSQE Events'!F$6:F$3000<=$AJ$3)*('Data - HSQE Events'!R$6:R$3000="Opportunity")),0) -> 0 | K21: =IFERROR(SUMPRODUCT((((ISNUMBER(SEARCH(B21,'Data - HSQE Events'!V$6:V$3000))+ISNUMBER(SEARCH(B21,'Data - HSQE Events'!H$6:H$3000)))>0))*('Data - HSQE Events'!F$6:F$3000>=$AG$3)*('Data - HSQE Events'!F$6:F$3000<=$AJ$3)*('Data - HSQE Events'!R$6:R$3000="Minor")),0) -> 0 | L21: =IFERROR(SUMPRODUCT((((ISNUMBER(SEARCH(B21,'Data - HSQE Events'!V$6:V$3000))+ISNUMBER(SEARCH(B21,'Data - HSQE Events'!H$6:H$3000)))>0))*('Data - HSQE Events'!F$6:F$3000>=$AG$3)*('Data - HSQE Events'!F$6:F$3000<=$AJ$3)*(('Data - HSQE Events'!R$6:R$3000="Moderate")+('Data - HSQE Events'!R$6:R$3000="Major"))),0) -> 0 | M21: =IF(IFERROR(SUMPRODUCT((((ISNUMBER(SEARCH(B21,'Data - HSQE Events'!V$6:V$3000))+ISNUMBER(SEARCH(B21,'Data - HSQE Events'!H$6:H$3000)))>0))*('Data - HSQE Events'!F$6:F$3000>=$AG$3)*('Data - HSQE Events'!F$6:F$3000<=$AJ$3)*('Data - HSQE Events'!R$6:R$3000="Major")),0)>0,"YES","NO") -> NO | N21: =IFERROR(SUMPRODUCT(('Data - Skillko'!B$6:B$3000=B21)*('Data - Skillko'!C$6:C$3000="Total")*('Data - Skillko'!E$6:E$3000))*100,0) -> 65 | O21: =ROUND(MAX(1,MIN(5,1+N21/100*4)),1) -> 3.6 | P21: =IFERROR(SUMPRODUCT(ISNUMBER(SEARCH(B21,'Pole Results'!$A$13:$A$2000))*('Pole Results'!$B$13:$B$2000>=$AG$3)*('Pole Results'!$B$13:$B$2000<=$AE$3)*('Pole Results'!$E$13:$E$2000="Non-Compliant")),0) -> 0 | Q21: =IF(I21=0,1,IFERROR(ROUND(MAX(1,MIN(5,1+J21/I21*4)),1),3)) -> 1 | R21: =ROUND(6-MAX(MIN(5,K21*0.8+1),MIN(5,L21*2+1)),1) -> 5 | S21: =IFERROR(ROUND(MAX(1,MIN(5,5-(P21/MAX(1,AI21))*4)),1),5) -> 5 | T21: =IF('Field Teams'!$I$22="Inactive","",ROUND((Q21*Settings!$D$6+R21*Settings!$D$7+O21*Settings!$D$10+S21*Settings!$D$12+AO21*Settings!$D$13)/Settings!$D$14,1)) -> 2.9 | U21: =IF('Field Teams'!$I$22="Inactive","",IF(Q21="","",IF(Q21>=4.5,"★★★★★",IF(Q21>=3.5,"★★★★☆",IF(Q21>=2.5,"★★★☆☆",IF(Q21>=1.5,"★★☆☆☆","★☆☆☆☆")))))) -> ★☆☆☆☆ | V21: =IF('Field Teams'!$I$22="Inactive","",IF(R21="","",IF(R21>=4.5,"★★★★★",IF(R21>=3.5,"★★★★☆",IF(R21>=2.5,"★★★☆☆",IF(R21>=1.5,"★★☆☆☆","★☆☆☆☆")))))) -> ★★★★★ | W21: =IF('Field Teams'!$I$22="Inactive","",IF(O21="","",IF(O21>=4.5,"★★★★★",IF(O21>=3.5,"★★★★☆",IF(O21>=2.5,"★★★☆☆",IF(O21>=1.5,"★★☆☆☆","★☆☆☆☆")))))) -> ★★★★☆ | X21: =IF('Field Teams'!$I$22="Inactive","",IF(S21="","",IF(S21>=4.5,"★★★★★",IF(S21>=3.5,"★★★★☆",IF(S21>=2.5,"★★★☆☆",IF(S21>=1.5,"★★☆☆☆","★☆☆☆☆")))))) -> ★★★★★ | Y21: =IF('Field Teams'!$I$22="Inactive","",IF(AO21="","",IF(AO21>=4.5,"★★★★★",IF(AO21>=3.5,"★★★★☆",IF(AO21>=2.5,"★★★☆☆",IF(AO21>=1.5,"★★☆☆☆","★☆☆☆☆")))))) -> ★★★☆☆ | Z21: =IF('Field Teams'!$I$5="Inactive","",IF(T21="","",IF(T21>=4.5,"★★★★★",IF(T21>=3.5,"★★★★☆",IF(T21>=2.5,"★★★☆☆",IF(T21>=1.5,"★★☆☆☆","★☆☆☆☆")))))) -> ★★★☆☆ | AA21: =IF('Field Teams'!$I$22="Inactive","",IF(M21="YES","HIGH",IF(Q21<=Settings!$D$26,"HIGH",IF(T21<=Settings!$D$23,"HIGH",IF(T21<=Settings!$D$24,"MEDIUM","LOW"))))) -> HIGH | AB21: =IF('Field Teams'!$I$5="Inactive",-1,IFERROR((6-T21)+(77-ROW())*0.0001,0)) -> 3.1056 | AC21: =IF('Field Teams'!$I$5="Inactive",999,IFERROR((6-T21)+(ROW()-3)*0.0001,99)) -> 3.1018 | AD21: =IF('Field Teams'!$I$22="Inactive",999,IFERROR(AB21+(ROW()-3)*0.0001,99)) -> 3.1074 | AE21: 0 | AF21: =IF('Field Teams'!$I$22="Inactive","",IF(AA21="HIGH","YES - within 5 working days","")) -> YES - within 5 working days | AH21: =IFERROR(SUMPRODUCT(ISNUMBER(SEARCH(B21,'Pole Results'!$A$13:$A$2000))*('Pole Results'!$B$13:$B$2000>=$AG$3)*('Pole Results'!$B$13:$B$2000<=$AE$3)),0) -> 0 | AI21: =IFERROR(SUMPRODUCT(ISNUMBER(SEARCH(B21,'Pole Results'!$A$13:$A$2000))*('Pole Results'!$B$13:$B$2000>=$AG$3)*('Pole Results'!$B$13:$B$2000<=$AE$3)*('Pole Results'!$E$13:$E$2000="Compliant")),0) -> 0 | AK21: =IF('Field Teams'!$I$22="Inactive",-1,IF(AA21="HIGH",AB21,-1)) -> 3.1056 | AL21: =IF('Field Teams'!$I$22="Inactive",-1,IF(OR(AA21="HIGH",AA21="MEDIUM"),AB21,-1)) -> 3.1056 | AM21: =IF('Field Teams'!$I$22="Inactive","",IF(IFERROR(LOOKUP(2,1/('Historical Scores'!C22:N22<>""),'Historical Scores'!C22:N22),"")="","New",IF(T21=""," ",IF(T21>IFERROR(LOOKUP(2,1/('Historical Scores'!C22:N22<>""),'Historical Scores'!C22:N22),""),"▲ Worsening",IF(T21<IFERROR(LOOKUP(2,1/('Historical Scores'!C22:N22<>""),'Historical Scores'!C22:N22),""),"▼ Improving","► Stable"))))) -> New | AN21: =IFERROR(SUMPRODUCT((ISNUMBER(SEARCH(B21,'Data - SSV'!AE$6:AE$3000)))*('Data - SSV'!AF$6:AF$3000>=(AJ$3-90))*('Data - SSV'!AF$6:AF$3000<=AJ$3)*('Data - SSV'!AH$6:AH$3000<>"")),0) -> 0 | AO21: =IF('Field Teams'!$I$22="Inactive","",IF(AN21=0,3,IF(AN21=1,IF(IFERROR(SUMPRODUCT((ISNUMBER(SEARCH(B21,'Data - SSV'!AE$6:AE$3000)))*('Data - SSV'!AF$6:AF$3000>=(AJ$3-90))*('Data - SSV'!AF$6:AF$3000<=AJ$3)*('Data - SSV'!AH$6:AH$3000<>"")*IF('Data - SSV'!AH$6:AH$3000="",0,'Data - SSV'!AH$6:AH$3000))/AN21,3)=4,4,IF(IFERROR(SUMPRODUCT((ISNUMBER(SEARCH(B21,'Data - SSV'!AE$6:AE$3000)))*('Data - SSV'!AF$6:AF$3000>=(AJ$3-90))*('Data - SSV'!AF$6:AF$3000<=AJ$3)*('Data - SSV'!AH$6:AH$3000<>"")*IF('Data - SSV'!AH$6:AH$3000="",0,'Data - SSV'!AH$6:AH$3000))/AN21,3)>=3,3,IF(IFERROR(SUMPRODUCT((ISNUMBER(SEARCH(B21,'Data - SSV'!AE$6:AE$3000)))*('Data - SSV'!AF$6:AF$3000>=(AJ$3-90))*('Data - SSV'!AF$6:AF$3000<=AJ$3)*('Data - SSV'!AH$6:AH$3000<>"")*IF('Data - SSV'!AH$6:AH$3000="",0,'Data - SSV'!AH$6:AH$3000))/AN21,3)>=2,2,1))),IF(IFERROR(SUMPRODUCT((ISNUMBER(SEARCH(B21,'Data - SSV'!AE$6:AE$3000)))*('Data - SSV'!AF$6:AF$3000>=(AJ$3-90))*('Data - SSV'!AF$6:AF$3000<=AJ$3)*('Data - SSV'!AH$6:AH$3000<>"")*IF('Data - SSV'!AH$6:AH$3000="",0,'Data - SSV'!AH$6:AH$3000))/AN21,3)=4,5,IF(IFERROR(SUMPRODUCT((ISNUMBER(SEARCH(B21,'Data - SSV'!AE$6:AE$3000)))*('Data - SSV'!AF$6:AF$3000>=(AJ$3-90))*('Data - SSV'!AF$6:AF$3000<=AJ$3)*('Data - SSV'!AH$6:AH$3000<>"")*IF('Data - SSV'!AH$6:AH$3000="",0,'Data - SSV'!AH$6:AH$3000))/AN21,3)>=3.5,4,IF(IFERROR(SUMPRODUCT((ISNUMBER(SEARCH(B21,'Data - SSV'!AE$6:AE$3000)))*('Data - SSV'!AF$6:AF$3000>=(AJ$3-90))*('Data - SSV'!AF$6:AF$3000<=AJ$3)*('Data - SSV'!AH$6:AH$3000<>"")*IF('Data - SSV'!AH$6:AH$3000="",0,'Data - SSV'!AH$6:AH$3000))/AN21,3)>=3,3,IF(IFERROR(SUMPRODUCT((ISNUMBER(SEARCH(B21,'Data - SSV'!AE$6:AE$3000)))*('Data - SSV'!AF$6:AF$3000>=(AJ$3-90))*('Data - SSV'!AF$6:AF$3000<=AJ$3)*('Data - SSV'!AH$6:AH$3000<>"")*IF('Data - SSV'!AH$6:AH$3000="",0,'Data - SSV'!AH$6:AH$3000))/AN21,3)>=2,2,1))))))) -> 3
A22: ='Field Teams'!A23 -> FT-019 | B22: ='Field Teams'!B23 -> Brinksworth Tree Services Ltd | C22: ='Field Teams'!C23 -> Utility Arboriculture | D22: ='Field Teams'!D23 -> Donovan Gosher | E22: ='Field Teams'!E23 -> Jake Bolwell | F22: ='Field Teams'!F23 -> 0 | G22: ='Field Teams'!G23 -> 0 | H22: ='Field Teams'!H23 -> 5 | I22: =H22*2 -> 10 | J22: =IFERROR(SUMPRODUCT((((ISNUMBER(SEARCH(B22,'Data - HSQE Events'!V$6:V$3000))+ISNUMBER(SEARCH(B22,'Data - HSQE Events'!H$6:H$3000)))>0))*('Data - HSQE Events'!F$6:F$3000>=$AG$3)*('Data - HSQE Events'!F$6:F$3000<=$AJ$3)*('Data - HSQE Events'!R$6:R$3000="Opportunity")),0) -> 0 | K22: =IFERROR(SUMPRODUCT((((ISNUMBER(SEARCH(B22,'Data - HSQE Events'!V$6:V$3000))+ISNUMBER(SEARCH(B22,'Data - HSQE Events'!H$6:H$3000)))>0))*('Data - HSQE Events'!F$6:F$3000>=$AG$3)*('Data - HSQE Events'!F$6:F$3000<=$AJ$3)*('Data - HSQE Events'!R$6:R$3000="Minor")),0) -> 0 | L22: =IFERROR(SUMPRODUCT((((ISNUMBER(SEARCH(B22,'Data - HSQE Events'!V$6:V$3000))+ISNUMBER(SEARCH(B22,'Data - HSQE Events'!H$6:H$3000)))>0))*('Data - HSQE Events'!F$6:F$3000>=$AG$3)*('Data - HSQE Events'!F$6:F$3000<=$AJ$3)*(('Data - HSQE Events'!R$6:R$3000="Moderate")+('Data - HSQE Events'!R$6:R$3000="Major"))),0) -> 0 | M22: =IF(IFERROR(SUMPRODUCT((((ISNUMBER(SEARCH(B22,'Data - HSQE Events'!V$6:V$3000))+ISNUMBER(SEARCH(B22,'Data - HSQE Events'!H$6:H$3000)))>0))*('Data - HSQE Events'!F$6:F$3000>=$AG$3)*('Data - HSQE Events'!F$6:F$3000<=$AJ$3)*('Data - HSQE Events'!R$6:R$3000="Major")),0)>0,"YES","NO") -> NO | N22: =IFERROR(SUMPRODUCT(('Data - Skillko'!B$6:B$3000=B22)*('Data - Skillko'!C$6:C$3000="Total")*('Data - Skillko'!E$6:E$3000))*100,0) -> 75 | O22: =ROUND(MAX(1,MIN(5,1+N22/100*4)),1) -> 4 | P22: =IFERROR(SUMPRODUCT(ISNUMBER(SEARCH(B22,'Pole Results'!$A$13:$A$2000))*('Pole Results'!$B$13:$B$2000>=$AG$3)*('Pole Results'!$B$13:$B$2000<=$AE$3)*('Pole Results'!$E$13:$E$2000="Non-Compliant")),0) -> 0 | Q22: =IF(I22=0,1,IFERROR(ROUND(MAX(1,MIN(5,1+J22/I22*4)),1),3)) -> 1 | R22: =ROUND(6-MAX(MIN(5,K22*0.8+1),MIN(5,L22*2+1)),1) -> 5 | S22: =IFERROR(ROUND(MAX(1,MIN(5,5-(P22/MAX(1,AI22))*4)),1),5) -> 5 | T22: =IF('Field Teams'!$I$23="Inactive","",ROUND((Q22*Settings!$D$6+R22*Settings!$D$7+O22*Settings!$D$10+S22*Settings!$D$12+AO22*Settings!$D$13)/Settings!$D$14,1)) -> 3 | U22: =IF('Field Teams'!$I$23="Inactive","",IF(Q22="","",IF(Q22>=4.5,"★★★★★",IF(Q22>=3.5,"★★★★☆",IF(Q22>=2.5,"★★★☆☆",IF(Q22>=1.5,"★★☆☆☆","★☆☆☆☆")))))) -> ★☆☆☆☆ | V22: =IF('Field Teams'!$I$23="Inactive","",IF(R22="","",IF(R22>=4.5,"★★★★★",IF(R22>=3.5,"★★★★☆",IF(R22>=2.5,"★★★☆☆",IF(R22>=1.5,"★★☆☆☆","★☆☆☆☆")))))) -> ★★★★★ | W22: =IF('Field Teams'!$I$23="Inactive","",IF(O22="","",IF(O22>=4.5,"★★★★★",IF(O22>=3.5,"★★★★☆",IF(O22>=2.5,"★★★☆☆",IF(O22>=1.5,"★★☆☆☆","★☆☆☆☆")))))) -> ★★★★☆ | X22: =IF('Field Teams'!$I$23="Inactive","",IF(S22="","",IF(S22>=4.5,"★★★★★",IF(S22>=3.5,"★★★★☆",IF(S22>=2.5,"★★★☆☆",IF(S22>=1.5,"★★☆☆☆","★☆☆☆☆")))))) -> ★★★★★ | Y22: =IF('Field Teams'!$I$23="Inactive","",IF(AO22="","",IF(AO22>=4.5,"★★★★★",IF(AO22>=3.5,"★★★★☆",IF(AO22>=2.5,"★★★☆☆",IF(AO22>=1.5,"★★☆☆☆","★☆☆☆☆")))))) -> ★★★☆☆ | Z22: =IF('Field Teams'!$I$5="Inactive","",IF(T22="","",IF(T22>=4.5,"★★★★★",IF(T22>=3.5,"★★★★☆",IF(T22>=2.5,"★★★☆☆",IF(T22>=1.5,"★★☆☆☆","★☆☆☆☆")))))) -> ★★★☆☆ | AA22: =IF('Field Teams'!$I$23="Inactive","",IF(M22="YES","HIGH",IF(Q22<=Settings!$D$26,"HIGH",IF(T22<=Settings!$D$23,"HIGH",IF(T22<=Settings!$D$24,"MEDIUM","LOW"))))) -> HIGH | AB22: =IF('Field Teams'!$I$5="Inactive",-1,IFERROR((6-T22)+(77-ROW())*0.0001,0)) -> 3.0055 | AC22: =IF('Field Teams'!$I$5="Inactive",999,IFERROR((6-T22)+(ROW()-3)*0.0001,99)) -> 3.0019 | AD22: =IF('Field Teams'!$I$23="Inactive",999,IFERROR(AB22+(ROW()-3)*0.0001,99)) -> 3.0074 | AE22: 0 | AF22: =IF('Field Teams'!$I$23="Inactive","",IF(AA22="HIGH","YES - within 5 working days","")) -> YES - within 5 working days | AH22: =IFERROR(SUMPRODUCT(ISNUMBER(SEARCH(B22,'Pole Results'!$A$13:$A$2000))*('Pole Results'!$B$13:$B$2000>=$AG$3)*('Pole Results'!$B$13:$B$2000<=$AE$3)),0) -> 0 | AI22: =IFERROR(SUMPRODUCT(ISNUMBER(SEARCH(B22,'Pole Results'!$A$13:$A$2000))*('Pole Results'!$B$13:$B$2000>=$AG$3)*('Pole Results'!$B$13:$B$2000<=$AE$3)*('Pole Results'!$E$13:$E$2000="Compliant")),0) -> 0 | AK22: =IF('Field Teams'!$I$23="Inactive",-1,IF(AA22="HIGH",AB22,-1)) -> 3.0055 | AL22: =IF('Field Teams'!$I$23="Inactive",-1,IF(OR(AA22="HIGH",AA22="MEDIUM"),AB22,-1)) -> 3.0055 | AM22: =IF('Field Teams'!$I$23="Inactive","",IF(IFERROR(LOOKUP(2,1/('Historical Scores'!C23:N23<>""),'Historical Scores'!C23:N23),"")="","New",IF(T22=""," ",IF(T22>IFERROR(LOOKUP(2,1/('Historical Scores'!C23:N23<>""),'Historical Scores'!C23:N23),""),"▲ Worsening",IF(T22<IFERROR(LOOKUP(2,1/('Historical Scores'!C23:N23<>""),'Historical Scores'!C23:N23),""),"▼ Improving","► Stable"))))) -> New | AN22: =IFERROR(SUMPRODUCT((ISNUMBER(SEARCH(B22,'Data - SSV'!AE$6:AE$3000)))*('Data - SSV'!AF$6:AF$3000>=(AJ$3-90))*('Data - SSV'!AF$6:AF$3000<=AJ$3)*('Data - SSV'!AH$6:AH$3000<>"")),0) -> 0 | AO22: =IF('Field Teams'!$I$23="Inactive","",IF(AN22=0,3,IF(AN22=1,IF(IFERROR(SUMPRODUCT((ISNUMBER(SEARCH(B22,'Data - SSV'!AE$6:AE$3000)))*('Data - SSV'!AF$6:AF$3000>=(AJ$3-90))*('Data - SSV'!AF$6:AF$3000<=AJ$3)*('Data - SSV'!AH$6:AH$3000<>"")*IF('Data - SSV'!AH$6:AH$3000="",0,'Data - SSV'!AH$6:AH$3000))/AN22,3)=4,4,IF(IFERROR(SUMPRODUCT((ISNUMBER(SEARCH(B22,'Data - SSV'!AE$6:AE$3000)))*('Data - SSV'!AF$6:AF$3000>=(AJ$3-90))*('Data - SSV'!AF$6:AF$3000<=AJ$3)*('Data - SSV'!AH$6:AH$3000<>"")*IF('Data - SSV'!AH$6:AH$3000="",0,'Data - SSV'!AH$6:AH$3000))/AN22,3)>=3,3,IF(IFERROR(SUMPRODUCT((ISNUMBER(SEARCH(B22,'Data - SSV'!AE$6:AE$3000)))*('Data - SSV'!AF$6:AF$3000>=(AJ$3-90))*('Data - SSV'!AF$6:AF$3000<=AJ$3)*('Data - SSV'!AH$6:AH$3000<>"")*IF('Data - SSV'!AH$6:AH$3000="",0,'Data - SSV'!AH$6:AH$3000))/AN22,3)>=2,2,1))),IF(IFERROR(SUMPRODUCT((ISNUMBER(SEARCH(B22,'Data - SSV'!AE$6:AE$3000)))*('Data - SSV'!AF$6:AF$3000>=(AJ$3-90))*('Data - SSV'!AF$6:AF$3000<=AJ$3)*('Data - SSV'!AH$6:AH$3000<>"")*IF('Data - SSV'!AH$6:AH$3000="",0,'Data - SSV'!AH$6:AH$3000))/AN22,3)=4,5,IF(IFERROR(SUMPRODUCT((ISNUMBER(SEARCH(B22,'Data - SSV'!AE$6:AE$3000)))*('Data - SSV'!AF$6:AF$3000>=(AJ$3-90))*('Data - SSV'!AF$6:AF$3000<=AJ$3)*('Data - SSV'!AH$6:AH$3000<>"")*IF('Data - SSV'!AH$6:AH$3000="",0,'Data - SSV'!AH$6:AH$3000))/AN22,3)>=3.5,4,IF(IFERROR(SUMPRODUCT((ISNUMBER(SEARCH(B22,'Data - SSV'!AE$6:AE$3000)))*('Data - SSV'!AF$6:AF$3000>=(AJ$3-90))*('Data - SSV'!AF$6:AF$3000<=AJ$3)*('Data - SSV'!AH$6:AH$3000<>"")*IF('Data - SSV'!AH$6:AH$3000="",0,'Data - SSV'!AH$6:AH$3000))/AN22,3)>=3,3,IF(IFERROR(SUMPRODUCT((ISNUMBER(SEARCH(B22,'Data - SSV'!AE$6:AE$3000)))*('Data - SSV'!AF$6:AF$3000>=(AJ$3-90))*('Data - SSV'!AF$6:AF$3000<=AJ$3)*('Data - SSV'!AH$6:AH$3000<>"")*IF('Data - SSV'!AH$6:AH$3000="",0,'Data - SSV'!AH$6:AH$3000))/AN22,3)>=2,2,1))))))) -> 3
A23: ='Field Teams'!A24 -> FT-020 | B23: ='Field Teams'!B24 -> C G Tree Cutting Services | C23: ='Field Teams'!C24 -> Utility Arboriculture | D23: ='Field Teams'!D24 -> Donovan Gosher | E23: ='Field Teams'!E24 -> Jake Bolwell | F23: ='Field Teams'!F24 -> 0 | G23: ='Field Teams'!G24 -> 0 | H23: ='Field Teams'!H24 -> 2 | I23: =H23*2 -> 4 | J23: =IFERROR(SUMPRODUCT((((ISNUMBER(SEARCH(B23,'Data - HSQE Events'!V$6:V$3000))+ISNUMBER(SEARCH(B23,'Data - HSQE Events'!H$6:H$3000)))>0))*('Data - HSQE Events'!F$6:F$3000>=$AG$3)*('Data - HSQE Events'!F$6:F$3000<=$AJ$3)*('Data - HSQE Events'!R$6:R$3000="Opportunity")),0) -> 0 | K23: =IFERROR(SUMPRODUCT((((ISNUMBER(SEARCH(B23,'Data - HSQE Events'!V$6:V$3000))+ISNUMBER(SEARCH(B23,'Data - HSQE Events'!H$6:H$3000)))>0))*('Data - HSQE Events'!F$6:F$3000>=$AG$3)*('Data - HSQE Events'!F$6:F$3000<=$AJ$3)*('Data - HSQE Events'!R$6:R$3000="Minor")),0) -> 0 | L23: =IFERROR(SUMPRODUCT((((ISNUMBER(SEARCH(B23,'Data - HSQE Events'!V$6:V$3000))+ISNUMBER(SEARCH(B23,'Data - HSQE Events'!H$6:H$3000)))>0))*('Data - HSQE Events'!F$6:F$3000>=$AG$3)*('Data - HSQE Events'!F$6:F$3000<=$AJ$3)*(('Data - HSQE Events'!R$6:R$3000="Moderate")+('Data - HSQE Events'!R$6:R$3000="Major"))),0) -> 0 | M23: =IF(IFERROR(SUMPRODUCT((((ISNUMBER(SEARCH(B23,'Data - HSQE Events'!V$6:V$3000))+ISNUMBER(SEARCH(B23,'Data - HSQE Events'!H$6:H$3000)))>0))*('Data - HSQE Events'!F$6:F$3000>=$AG$3)*('Data - HSQE Events'!F$6:F$3000<=$AJ$3)*('Data - HSQE Events'!R$6:R$3000="Major")),0)>0,"YES","NO") -> NO | N23: =IFERROR(SUMPRODUCT(('Data - Skillko'!B$6:B$3000=B23)*('Data - Skillko'!C$6:C$3000="Total")*('Data - Skillko'!E$6:E$3000))*100,0) -> 45 | O23: =ROUND(MAX(1,MIN(5,1+N23/100*4)),1) -> 2.8 | P23: =IFERROR(SUMPRODUCT(ISNUMBER(SEARCH(B23,'Pole Results'!$A$13:$A$2000))*('Pole Results'!$B$13:$B$2000>=$AG$3)*('Pole Results'!$B$13:$B$2000<=$AE$3)*('Pole Results'!$E$13:$E$2000="Non-Compliant")),0) -> 0 | Q23: =IF(I23=0,1,IFERROR(ROUND(MAX(1,MIN(5,1+J23/I23*4)),1),3)) -> 1 | R23: =ROUND(6-MAX(MIN(5,K23*0.8+1),MIN(5,L23*2+1)),1) -> 5 | S23: =IFERROR(ROUND(MAX(1,MIN(5,5-(P23/MAX(1,AI23))*4)),1),5) -> 5 | T23: =IF('Field Teams'!$I$24="Inactive","",ROUND((Q23*Settings!$D$6+R23*Settings!$D$7+O23*Settings!$D$10+S23*Settings!$D$12+AO23*Settings!$D$13)/Settings!$D$14,1)) -> 2.8 | U23: =IF('Field Teams'!$I$24="Inactive","",IF(Q23="","",IF(Q23>=4.5,"★★★★★",IF(Q23>=3.5,"★★★★☆",IF(Q23>=2.5,"★★★☆☆",IF(Q23>=1.5,"★★☆☆☆","★☆☆☆☆")))))) -> ★☆☆☆☆ | V23: =IF('Field Teams'!$I$24="Inactive","",IF(R23="","",IF(R23>=4.5,"★★★★★",IF(R23>=3.5,"★★★★☆",IF(R23>=2.5,"★★★☆☆",IF(R23>=1.5,"★★☆☆☆","★☆☆☆☆")))))) -> ★★★★★ | W23: =IF('Field Teams'!$I$24="Inactive","",IF(O23="","",IF(O23>=4.5,"★★★★★",IF(O23>=3.5,"★★★★☆",IF(O23>=2.5,"★★★☆☆",IF(O23>=1.5,"★★☆☆☆","★☆☆☆☆")))))) -> ★★★☆☆ | X23: =IF('Field Teams'!$I$24="Inactive","",IF(S23="","",IF(S23>=4.5,"★★★★★",IF(S23>=3.5,"★★★★☆",IF(S23>=2.5,"★★★☆☆",IF(S23>=1.5,"★★☆☆☆","★☆☆☆☆")))))) -> ★★★★★ | Y23: =IF('Field Teams'!$I$24="Inactive","",IF(AO23="","",IF(AO23>=4.5,"★★★★★",IF(AO23>=3.5,"★★★★☆",IF(AO23>=2.5,"★★★☆☆",IF(AO23>=1.5,"★★☆☆☆","★☆☆☆☆")))))) -> ★★★☆☆ | Z23: =IF('Field Teams'!$I$5="Inactive","",IF(T23="","",IF(T23>=4.5,"★★★★★",IF(T23>=3.5,"★★★★☆",IF(T23>=2.5,"★★★☆☆",IF(T23>=1.5,"★★☆☆☆","★☆☆☆☆")))))) -> ★★★☆☆ | AA23: =IF('Field Teams'!$I$24="Inactive","",IF(M23="YES","HIGH",IF(Q23<=Settings!$D$26,"HIGH",IF(T23<=Settings!$D$23,"HIGH",IF(T23<=Settings!$D$24,"MEDIUM","LOW"))))) -> HIGH | AB23: =IF('Field Teams'!$I$5="Inactive",-1,IFERROR((6-T23)+(77-ROW())*0.0001,0)) -> 3.2054 | AC23: =IF('Field Teams'!$I$5="Inactive",999,IFERROR((6-T23)+(ROW()-3)*0.0001,99)) -> 3.202 | AD23: =IF('Field Teams'!$I$24="Inactive",999,IFERROR(AB23+(ROW()-3)*0.0001,99)) -> 3.2074 | AE23: 0 | AF23: =IF('Field Teams'!$I$24="Inactive","",IF(AA23="HIGH","YES - within 5 working days","")) -> YES - within 5 working days | AH23: =IFERROR(SUMPRODUCT(ISNUMBER(SEARCH(B23,'Pole Results'!$A$13:$A$2000))*('Pole Results'!$B$13:$B$2000>=$AG$3)*('Pole Results'!$B$13:$B$2000<=$AE$3)),0) -> 0 | AI23: =IFERROR(SUMPRODUCT(ISNUMBER(SEARCH(B23,'Pole Results'!$A$13:$A$2000))*('Pole Results'!$B$13:$B$2000>=$AG$3)*('Pole Results'!$B$13:$B$2000<=$AE$3)*('Pole Results'!$E$13:$E$2000="Compliant")),0) -> 0 | AK23: =IF('Field Teams'!$I$24="Inactive",-1,IF(AA23="HIGH",AB23,-1)) -> 3.2054 | AL23: =IF('Field Teams'!$I$24="Inactive",-1,IF(OR(AA23="HIGH",AA23="MEDIUM"),AB23,-1)) -> 3.2054 | AM23: =IF('Field Teams'!$I$24="Inactive","",IF(IFERROR(LOOKUP(2,1/('Historical Scores'!C24:N24<>""),'Historical Scores'!C24:N24),"")="","New",IF(T23=""," ",IF(T23>IFERROR(LOOKUP(2,1/('Historical Scores'!C24:N24<>""),'Historical Scores'!C24:N24),""),"▲ Worsening",IF(T23<IFERROR(LOOKUP(2,1/('Historical Scores'!C24:N24<>""),'Historical Scores'!C24:N24),""),"▼ Improving","► Stable"))))) -> New | AN23: =IFERROR(SUMPRODUCT((ISNUMBER(SEARCH(B23,'Data - SSV'!AE$6:AE$3000)))*('Data - SSV'!AF$6:AF$3000>=(AJ$3-90))*('Data - SSV'!AF$6:AF$3000<=AJ$3)*('Data - SSV'!AH$6:AH$3000<>"")),0) -> 0 | AO23: =IF('Field Teams'!$I$24="Inactive","",IF(AN23=0,3,IF(AN23=1,IF(IFERROR(SUMPRODUCT((ISNUMBER(SEARCH(B23,'Data - SSV'!AE$6:AE$3000)))*('Data - SSV'!AF$6:AF$3000>=(AJ$3-90))*('Data - SSV'!AF$6:AF$3000<=AJ$3)*('Data - SSV'!AH$6:AH$3000<>"")*IF('Data - SSV'!AH$6:AH$3000="",0,'Data - SSV'!AH$6:AH$3000))/AN23,3)=4,4,IF(IFERROR(SUMPRODUCT((ISNUMBER(SEARCH(B23,'Data - SSV'!AE$6:AE$3000)))*('Data - SSV'!AF$6:AF$3000>=(AJ$3-90))*('Data - SSV'!AF$6:AF$3000<=AJ$3)*('Data - SSV'!AH$6:AH$3000<>"")*IF('Data - SSV'!AH$6:AH$3000="",0,'Data - SSV'!AH$6:AH$3000))/AN23,3)>=3,3,IF(IFERROR(SUMPRODUCT((ISNUMBER(SEARCH(B23,'Data - SSV'!AE$6:AE$3000)))*('Data - SSV'!AF$6:AF$3000>=(AJ$3-90))*('Data - SSV'!AF$6:AF$3000<=AJ$3)*('Data - SSV'!AH$6:AH$3000<>"")*IF('Data - SSV'!AH$6:AH$3000="",0,'Data - SSV'!AH$6:AH$3000))/AN23,3)>=2,2,1))),IF(IFERROR(SUMPRODUCT((ISNUMBER(SEARCH(B23,'Data - SSV'!AE$6:AE$3000)))*('Data - SSV'!AF$6:AF$3000>=(AJ$3-90))*('Data - SSV'!AF$6:AF$3000<=AJ$3)*('Data - SSV'!AH$6:AH$3000<>"")*IF('Data - SSV'!AH$6:AH$3000="",0,'Data - SSV'!AH$6:AH$3000))/AN23,3)=4,5,IF(IFERROR(SUMPRODUCT((ISNUMBER(SEARCH(B23,'Data - SSV'!AE$6:AE$3000)))*('Data - SSV'!AF$6:AF$3000>=(AJ$3-90))*('Data - SSV'!AF$6:AF$3000<=AJ$3)*('Data - SSV'!AH$6:AH$3000<>"")*IF('Data - SSV'!AH$6:AH$3000="",0,'Data - SSV'!AH$6:AH$3000))/AN23,3)>=3.5,4,IF(IFERROR(SUMPRODUCT((ISNUMBER(SEARCH(B23,'Data - SSV'!AE$6:AE$3000)))*('Data - SSV'!AF$6:AF$3000>=(AJ$3-90))*('Data - SSV'!AF$6:AF$3000<=AJ$3)*('Data - SSV'!AH$6:AH$3000<>"")*IF('Data - SSV'!AH$6:AH$3000="",0,'Data - SSV'!AH$6:AH$3000))/AN23,3)>=3,3,IF(IFERROR(SUMPRODUCT((ISNUMBER(SEARCH(B23,'Data - SSV'!AE$6:AE$3000)))*('Data - SSV'!AF$6:AF$3000>=(AJ$3-90))*('Data - SSV'!AF$6:AF$3000<=AJ$3)*('Data - SSV'!AH$6:AH$3000<>"")*IF('Data - SSV'!AH$6:AH$3000="",0,'Data - SSV'!AH$6:AH$3000))/AN23,3)>=2,2,1))))))) -> 3
A24: ='Field Teams'!A25 -> FT-021 | B24: ='Field Teams'!B25 -> Central Tree Maintenance | C24: ='Field Teams'!C25 -> Utility Arboriculture | D24: ='Field Teams'!D25 -> Donovan Gosher | E24: ='Field Teams'!E25 -> Jake Bolwell | F24: ='Field Teams'!F25 -> 0 | G24: ='Field Teams'!G25 -> 0 | H24: ='Field Teams'!H25 -> 4 | I24: =H24*2 -> 8 | J24: =IFERROR(SUMPRODUCT((((ISNUMBER(SEARCH(B24,'Data - HSQE Events'!V$6:V$3000))+ISNUMBER(SEARCH(B24,'Data - HSQE Events'!H$6:H$3000)))>0))*('Data - HSQE Events'!F$6:F$3000>=$AG$3)*('Data - HSQE Events'!F$6:F$3000<=$AJ$3)*('Data - HSQE Events'!R$6:R$3000="Opportunity")),0) -> 0 | K24: =IFERROR(SUMPRODUCT((((ISNUMBER(SEARCH(B24,'Data - HSQE Events'!V$6:V$3000))+ISNUMBER(SEARCH(B24,'Data - HSQE Events'!H$6:H$3000)))>0))*('Data - HSQE Events'!F$6:F$3000>=$AG$3)*('Data - HSQE Events'!F$6:F$3000<=$AJ$3)*('Data - HSQE Events'!R$6:R$3000="Minor")),0) -> 0 | L24: =IFERROR(SUMPRODUCT((((ISNUMBER(SEARCH(B24,'Data - HSQE Events'!V$6:V$3000))+ISNUMBER(SEARCH(B24,'Data - HSQE Events'!H$6:H$3000)))>0))*('Data - HSQE Events'!F$6:F$3000>=$AG$3)*('Data - HSQE Events'!F$6:F$3000<=$AJ$3)*(('Data - HSQE Events'!R$6:R$3000="Moderate")+('Data - HSQE Events'!R$6:R$3000="Major"))),0) -> 0 | M24: =IF(IFERROR(SUMPRODUCT((((ISNUMBER(SEARCH(B24,'Data - HSQE Events'!V$6:V$3000))+ISNUMBER(SEARCH(B24,'Data - HSQE Events'!H$6:H$3000)))>0))*('Data - HSQE Events'!F$6:F$3000>=$AG$3)*('Data - HSQE Events'!F$6:F$3000<=$AJ$3)*('Data - HSQE Events'!R$6:R$3000="Major")),0)>0,"YES","NO") -> NO | N24: =IFERROR(SUMPRODUCT(('Data - Skillko'!B$6:B$3000=B24)*('Data - Skillko'!C$6:C$3000="Total")*('Data - Skillko'!E$6:E$3000))*100,0) -> 80 | O24: =ROUND(MAX(1,MIN(5,1+N24/100*4)),1) -> 4.2 | P24: =IFERROR(SUMPRODUCT(ISNUMBER(SEARCH(B24,'Pole Results'!$A$13:$A$2000))*('Pole Results'!$B$13:$B$2000>=$AG$3)*('Pole Results'!$B$13:$B$2000<=$AE$3)*('Pole Results'!$E$13:$E$2000="Non-Compliant")),0) -> 0 | Q24: =IF(I24=0,1,IFERROR(ROUND(MAX(1,MIN(5,1+J24/I24*4)),1),3)) -> 1 | R24: =ROUND(6-MAX(MIN(5,K24*0.8+1),MIN(5,L24*2+1)),1) -> 5 | S24: =IFERROR(ROUND(MAX(1,MIN(5,5-(P24/MAX(1,AI24))*4)),1),5) -> 5 | T24: =IF('Field Teams'!$I$25="Inactive","",ROUND((Q24*Settings!$D$6+R24*Settings!$D$7+O24*Settings!$D$10+S24*Settings!$D$12+AO24*Settings!$D$13)/Settings!$D$14,1)) -> 3 | U24: =IF('Field Teams'!$I$25="Inactive","",IF(Q24="","",IF(Q24>=4.5,"★★★★★",IF(Q24>=3.5,"★★★★☆",IF(Q24>=2.5,"★★★☆☆",IF(Q24>=1.5,"★★☆☆☆","★☆☆☆☆")))))) -> ★☆☆☆☆ | V24: =IF('Field Teams'!$I$25="Inactive","",IF(R24="","",IF(R24>=4.5,"★★★★★",IF(R24>=3.5,"★★★★☆",IF(R24>=2.5,"★★★☆☆",IF(R24>=1.5,"★★☆☆☆","★☆☆☆☆")))))) -> ★★★★★ | W24: =IF('Field Teams'!$I$25="Inactive","",IF(O24="","",IF(O24>=4.5,"★★★★★",IF(O24>=3.5,"★★★★☆",IF(O24>=2.5,"★★★☆☆",IF(O24>=1.5,"★★☆☆☆","★☆☆☆☆")))))) -> ★★★★☆ | X24: =IF('Field Teams'!$I$25="Inactive","",IF(S24="","",IF(S24>=4.5,"★★★★★",IF(S24>=3.5,"★★★★☆",IF(S24>=2.5,"★★★☆☆",IF(S24>=1.5,"★★☆☆☆","★☆☆☆☆")))))) -> ★★★★★ | Y24: =IF('Field Teams'!$I$25="Inactive","",IF(AO24="","",IF(AO24>=4.5,"★★★★★",IF(AO24>=3.5,"★★★★☆",IF(AO24>=2.5,"★★★☆☆",IF(AO24>=1.5,"★★☆☆☆","★☆☆☆☆")))))) -> ★★★☆☆ | Z24: =IF('Field Teams'!$I$5="Inactive","",IF(T24="","",IF(T24>=4.5,"★★★★★",IF(T24>=3.5,"★★★★☆",IF(T24>=2.5,"★★★☆☆",IF(T24>=1.5,"★★☆☆☆","★☆☆☆☆")))))) -> ★★★☆☆ | AA24: =IF('Field Teams'!$I$25="Inactive","",IF(M24="YES","HIGH",IF(Q24<=Settings!$D$26,"HIGH",IF(T24<=Settings!$D$23,"HIGH",IF(T24<=Settings!$D$24,"MEDIUM","LOW"))))) -> HIGH | AB24: =IF('Field Teams'!$I$5="Inactive",-1,IFERROR((6-T24)+(77-ROW())*0.0001,0)) -> 3.0053 | AC24: =IF('Field Teams'!$I$5="Inactive",999,IFERROR((6-T24)+(ROW()-3)*0.0001,99)) -> 3.0021 | AD24: =IF('Field Teams'!$I$25="Inactive",999,IFERROR(AB24+(ROW()-3)*0.0001,99)) -> 3.0074 | AE24: 0 | AF24: =IF('Field Teams'!$I$25="Inactive","",IF(AA24="HIGH","YES - within 5 working days","")) -> YES - within 5 working days | AH24: =IFERROR(SUMPRODUCT(ISNUMBER(SEARCH(B24,'Pole Results'!$A$13:$A$2000))*('Pole Results'!$B$13:$B$2000>=$AG$3)*('Pole Results'!$B$13:$B$2000<=$AE$3)),0) -> 0 | AI24: =IFERROR(SUMPRODUCT(ISNUMBER(SEARCH(B24,'Pole Results'!$A$13:$A$2000))*('Pole Results'!$B$13:$B$2000>=$AG$3)*('Pole Results'!$B$13:$B$2000<=$AE$3)*('Pole Results'!$E$13:$E$2000="Compliant")),0) -> 0 | AK24: =IF('Field Teams'!$I$25="Inactive",-1,IF(AA24="HIGH",AB24,-1)) -> 3.0053 | AL24: =IF('Field Teams'!$I$25="Inactive",-1,IF(OR(AA24="HIGH",AA24="MEDIUM"),AB24,-1)) -> 3.0053 | AM24: =IF('Field Teams'!$I$25="Inactive","",IF(IFERROR(LOOKUP(2,1/('Historical Scores'!C25:N25<>""),'Historical Scores'!C25:N25),"")="","New",IF(T24=""," ",IF(T24>IFERROR(LOOKUP(2,1/('Historical Scores'!C25:N25<>""),'Historical Scores'!C25:N25),""),"▲ Worsening",IF(T24<IFERROR(LOOKUP(2,1/('Historical Scores'!C25:N25<>""),'Historical Scores'!C25:N25),""),"▼ Improving","► Stable"))))) -> New | AN24: =IFERROR(SUMPRODUCT((ISNUMBER(SEARCH(B24,'Data - SSV'!AE$6:AE$3000)))*('Data - SSV'!AF$6:AF$3000>=(AJ$3-90))*('Data - SSV'!AF$6:AF$3000<=AJ$3)*('Data - SSV'!AH$6:AH$3000<>"")),0) -> 0 | AO24: =IF('Field Teams'!$I$25="Inactive","",IF(AN24=0,3,IF(AN24=1,IF(IFERROR(SUMPRODUCT((ISNUMBER(SEARCH(B24,'Data - SSV'!AE$6:AE$3000)))*('Data - SSV'!AF$6:AF$3000>=(AJ$3-90))*('Data - SSV'!AF$6:AF$3000<=AJ$3)*('Data - SSV'!AH$6:AH$3000<>"")*IF('Data - SSV'!AH$6:AH$3000="",0,'Data - SSV'!AH$6:AH$3000))/AN24,3)=4,4,IF(IFERROR(SUMPRODUCT((ISNUMBER(SEARCH(B24,'Data - SSV'!AE$6:AE$3000)))*('Data - SSV'!AF$6:AF$3000>=(AJ$3-90))*('Data - SSV'!AF$6:AF$3000<=AJ$3)*('Data - SSV'!AH$6:AH$3000<>"")*IF('Data - SSV'!AH$6:AH$3000="",0,'Data - SSV'!AH$6:AH$3000))/AN24,3)>=3,3,IF(IFERROR(SUMPRODUCT((ISNUMBER(SEARCH(B24,'Data - SSV'!AE$6:AE$3000)))*('Data - SSV'!AF$6:AF$3000>=(AJ$3-90))*('Data - SSV'!AF$6:AF$3000<=AJ$3)*('Data - SSV'!AH$6:AH$3000<>"")*IF('Data - SSV'!AH$6:AH$3000="",0,'Data - SSV'!AH$6:AH$3000))/AN24,3)>=2,2,1))),IF(IFERROR(SUMPRODUCT((ISNUMBER(SEARCH(B24,'Data - SSV'!AE$6:AE$3000)))*('Data - SSV'!AF$6:AF$3000>=(AJ$3-90))*('Data - SSV'!AF$6:AF$3000<=AJ$3)*('Data - SSV'!AH$6:AH$3000<>"")*IF('Data - SSV'!AH$6:AH$3000="",0,'Data - SSV'!AH$6:AH$3000))/AN24,3)=4,5,IF(IFERROR(SUMPRODUCT((ISNUMBER(SEARCH(B24,'Data - SSV'!AE$6:AE$3000)))*('Data - SSV'!AF$6:AF$3000>=(AJ$3-90))*('Data - SSV'!AF$6:AF$3000<=AJ$3)*('Data - SSV'!AH$6:AH$3000<>"")*IF('Data - SSV'!AH$6:AH$3000="",0,'Data - SSV'!AH$6:AH$3000))/AN24,3)>=3.5,4,IF(IFERROR(SUMPRODUCT((ISNUMBER(SEARCH(B24,'Data - SSV'!AE$6:AE$3000)))*('Data - SSV'!AF$6:AF$3000>=(AJ$3-90))*('Data - SSV'!AF$6:AF$3000<=AJ$3)*('Data - SSV'!AH$6:AH$3000<>"")*IF('Data - SSV'!AH$6:AH$3000="",0,'Data - SSV'!AH$6:AH$3000))/AN24,3)>=3,3,IF(IFERROR(SUMPRODUCT((ISNUMBER(SEARCH(B24,'Data - SSV'!AE$6:AE$3000)))*('Data - SSV'!AF$6:AF$3000>=(AJ$3-90))*('Data - SSV'!AF$6:AF$3000<=AJ$3)*('Data - SSV'!AH$6:AH$3000<>"")*IF('Data - SSV'!AH$6:AH$3000="",0,'Data - SSV'!AH$6:AH$3000))/AN24,3)>=2,2,1))))))) -> 3
